Date,Value
1/11/2022,94.43
31/10/2022,93.17
28/10/2022,95.01
27/10/2022,94.73
26/10/2022,93.32
25/10/2022,92.56
24/10/2022,92.17
21/10/2022,92.09
20/10/2022,92.48
19/10/2022,89.29
18/10/2022,90.82
17/10/2022,92.16
14/10/2022,94.17
13/10/2022,93.66
12/10/2022,95.12
11/10/2022,96.03
10/10/2022,99.13
7/10/2022,97.44
6/10/2022,95.81
5/10/2022,94.06
4/10/2022,92.14
3/10/2022,90.69
30/9/2022,92.34
29/9/2022,92.76
28/9/2022,90.27
27/9/2022,89.81
26/9/2022,89.5
23/9/2022,92.67
22/9/2022,95.51
21/9/2022,96.31
20/9/2022,96.55
19/9/2022,95.2
16/9/2022,95.7
15/9/2022,97.3
14/9/2022,97.57
13/9/2022,98.38
12/9/2022,97.42
9/9/2022,95.2
8/9/2022,92.59
7/9/2022,95.88
6/9/2022,98.95
5/9/2022,99.76
2/9/2022,99.13
1/9/2022,98.19
31/8/2022,101.04
30/8/2022,106.41
29/8/2022,104.85
26/8/2022,103.89
25/8/2022,104.63
24/8/2022,104.05
23/8/2022,101.93
22/8/2022,98.72
19/8/2022,99.66
18/8/2022,98.22
17/8/2022,95.73
16/8/2022,97.44
15/8/2022,100.04
12/8/2022,103.83
11/8/2022,103.2
10/8/2022,101.29
9/8/2022,100.92
8/8/2022,100.78
5/8/2022,100.01
4/8/2022,101.19
3/8/2022,104.18
2/8/2022,104.86
1/8/2022,106.8
29/7/2022,110.84
28/7/2022,110.79
27/7/2022,108.05
26/7/2022,109.3
25/7/2022,106.22
22/7/2022,107.6
21/7/2022,107.44
20/7/2022,109.87
19/7/2022,110.22
18/7/2022,108.7
15/7/2022,104.33
14/7/2022,102.61
13/7/2022,104.36
12/7/2022,106.81
11/7/2022,108.8
8/7/2022,109.02
7/7/2022,105.25
6/7/2022,106.67
5/7/2022,114.24
4/7/2022,115.25
1/7/2022,113.15
30/6/2022,115.6
29/6/2022,117.63
28/6/2022,117.55
27/6/2022,114.88
24/6/2022,112.35
23/6/2022,111.09
22/6/2022,111
21/6/2022,115.97
20/6/2022,113.39
17/6/2022,118.97
16/6/2022,119.24
15/6/2022,121.07
14/6/2022,123.73
13/6/2022,120.66
10/6/2022,123.19
9/6/2022,123.21
8/6/2022,121.54
7/6/2022,120.16
6/6/2022,119.85
3/6/2022,117.15
2/6/2022,114.62
1/6/2022,117.07
31/5/2022,122.94
30/5/2022,120.01
27/5/2022,118.84
26/5/2022,116.5
25/5/2022,115.83
24/5/2022,114.96
23/5/2022,115.95
20/5/2022,114.69
19/5/2022,111.94
18/5/2022,114.84
17/5/2022,117.1
16/5/2022,112.98
13/5/2022,112.27
12/5/2022,109.2
11/5/2022,108.92
10/5/2022,108.08
9/5/2022,112.38
6/5/2022,114.27
5/5/2022,112.94
4/5/2022,110.73
3/5/2022,109.7
2/5/2022,110.09
29/4/2022,107.99
28/4/2022,105.3
27/4/2022,105.33
26/4/2022,102.94
25/4/2022,101.93
22/4/2022,107.66
21/4/2022,108.81
20/4/2022,107.97
19/4/2022,110.52
18/4/2022,110.54
14/4/2022,108.52
13/4/2022,106.07
12/4/2022,102.41
11/4/2022,100.08
8/4/2022,101.06
7/4/2022,100.16
6/4/2022,106.17
5/4/2022,108.08
4/4/2022,106.26
1/4/2022,104.93
31/3/2022,107.74
30/3/2022,110.46
29/3/2022,110.05
28/3/2022,113.39
25/3/2022,115.99
24/3/2022,118.72
23/3/2022,116.79
22/3/2022,114.44
21/3/2022,113.65
18/3/2022,108.93
17/3/2022,104.77
16/3/2022,103.87
15/3/2022,102.67
14/3/2022,110.48
11/3/2022,113.1
10/3/2022,117.04
9/3/2022,128.27
8/3/2022,127.74
7/3/2022,126.32
4/3/2022,112.96
3/3/2022,116.87
2/3/2022,112.01
1/3/2022,103.7
28/2/2022,98.96
25/2/2022,96.41
24/2/2022,100.95
23/2/2022,95.84
22/2/2022,97.68
21/2/2022,94.04
18/2/2022,92.55
17/2/2022,93.78
16/2/2022,95.07
15/2/2022,94.48
14/2/2022,94.92
11/2/2022,92.61
10/2/2022,92.62
9/2/2022,91.59
8/2/2022,91.92
7/2/2022,93.18
4/2/2022,92.59
3/2/2022,89.73
2/2/2022,89.94
1/2/2022,90.22
31/1/2022,90.73
28/1/2022,89.97
27/1/2022,90.04
26/1/2022,89.18
25/1/2022,87.19
24/1/2022,87.83
21/1/2022,87.3
20/1/2022,88.39
19/1/2022,88.33
18/1/2022,87.93
17/1/2022,86.38
14/1/2022,85.3
13/1/2022,84.56
12/1/2022,84.19
11/1/2022,81.97
10/1/2022,81.6
7/1/2022,82
6/1/2022,80.65
5/1/2022,79.92
4/1/2022,78.78
3/1/2022,77.86
31/12/2021,77.97
30/12/2021,78.33
29/12/2021,78.17
28/12/2021,77.39
27/12/2021,75.63
24/12/2021,75.5
23/12/2021,75.16
22/12/2021,73.99
21/12/2021,72.18
20/12/2021,70.94
17/12/2021,74.23
16/12/2021,74.66
15/12/2021,73.12
14/12/2021,74.28
13/12/2021,75.04
10/12/2021,74.07
9/12/2021,75.41
8/12/2021,75.13
7/12/2021,74.65
6/12/2021,71.45
3/12/2021,71.65
2/12/2021,70.07
1/12/2021,71.67
30/11/2021,71.01
29/11/2021,74.2
26/11/2021,76.09
25/11/2021,81.31
24/11/2021,81.75
23/11/2021,79.4
22/11/2021,78.9
19/11/2021,80.32
18/11/2021,79.37
17/11/2021,81.1
16/11/2021,82.01
15/11/2021,80.9
12/11/2021,81.7
11/11/2021,81.99
10/11/2021,83.75
9/11/2021,82.7
8/11/2021,82.39
5/11/2021,80.16
4/11/2021,81.48
3/11/2021,81.64
2/11/2021,83.43
1/11/2021,82.55
29/10/2021,82.87
28/10/2021,82.41
27/10/2021,83.72
26/10/2021,84.52
25/10/2021,84.66
22/10/2021,83.4
21/10/2021,83.36
20/10/2021,83.3
19/10/2021,83.48
18/10/2021,84.04
15/10/2021,83.54
14/10/2021,82.5
13/10/2021,81.79
12/10/2021,82.37
11/10/2021,82.53
8/10/2021,81.54
7/10/2021,78.58
6/10/2021,80.63
5/10/2021,80.44
4/10/2021,78.26
1/10/2021,76.36
30/9/2021,77.72
29/9/2021,77.13
28/9/2021,78.37
27/9/2021,77.73
24/9/2021,76.21
23/9/2021,75.44
22/9/2021,74.46
21/9/2021,73.68
20/9/2021,73.47
17/9/2021,74.14
16/9/2021,74.17
15/9/2021,73.78
14/9/2021,73.29
13/9/2021,72.77
10/9/2021,71.98
9/9/2021,71.82
8/9/2021,71.17
7/9/2021,71.34
6/9/2021,71.29
3/9/2021,72.56
2/9/2021,71.63
1/9/2021,71.25
31/8/2021,71.43
30/8/2021,71.88
27/8/2021,71.48
26/8/2021,70.75
25/8/2021,70.59
24/8/2021,69.71
23/8/2021,67.33
20/8/2021,66.13
19/8/2021,66.08
18/8/2021,69.32
17/8/2021,69.4
16/8/2021,69.65
13/8/2021,70.9
12/8/2021,71.32
11/8/2021,70.52
10/8/2021,70.13
9/8/2021,70.66
6/8/2021,71.3
5/8/2021,70.34
4/8/2021,71.83
3/8/2021,72.71
2/8/2021,73.89
30/7/2021,74.98
29/7/2021,74.42
28/7/2021,73.57
27/7/2021,73.62
26/7/2021,72.68
23/7/2021,73.03
22/7/2021,72.09
21/7/2021,69.93
20/7/2021,70.5
19/7/2021,70.54
16/7/2021,72.84
15/7/2021,73.15
14/7/2021,75.29
13/7/2021,75.13
12/7/2021,74.33
9/7/2021,74.18
8/7/2021,71.97
7/7/2021,73.58
6/7/2021,75.94
5/7/2021,75.71
2/7/2021,75.21
1/7/2021,74.87
30/6/2021,73.6
29/6/2021,73.34
28/6/2021,73.84
25/6/2021,74.19
24/6/2021,74.09
23/6/2021,74.01
22/6/2021,73.13
21/6/2021,72.45
18/6/2021,71.56
17/6/2021,72.29
16/6/2021,73.16
15/6/2021,72.05
14/6/2021,71.99
11/6/2021,71.31
10/6/2021,70.9
9/6/2021,71.21
8/6/2021,69.83
7/6/2021,70.15
4/6/2021,70.23
3/6/2021,69.91
2/6/2021,69.39
1/6/2021,69.03
31/5/2021,68.53
28/5/2021,68.2
27/5/2021,67.32
26/5/2021,67.47
25/5/2021,67.41
24/5/2021,66.93
21/5/2021,64.18
20/5/2021,65.29
19/5/2021,65.95
18/5/2021,68.39
17/5/2021,67.52
14/5/2021,66.16
13/5/2021,66.78
12/5/2021,67.46
11/5/2021,66.39
10/5/2021,67.1
7/5/2021,66.57
6/5/2021,67.49
5/5/2021,68.2
4/5/2021,66.67
3/5/2021,65.09
30/4/2021,65.42
29/4/2021,65.71
28/4/2021,64.53
27/4/2021,63.91
26/4/2021,63.22
23/4/2021,63.63
22/4/2021,63.06
21/4/2021,64.02
20/4/2021,65.36
19/4/2021,65.1
16/4/2021,65.21
15/4/2021,64.48
14/4/2021,63.39
13/4/2021,61.85
12/4/2021,61.44
9/4/2021,61.12
8/4/2021,61.2
7/4/2021,60.67
6/4/2021,61.31
5/4/2021,61.68
1/4/2021,61.75
31/3/2021,63.07
30/3/2021,63.37
29/3/2021,62.86
26/3/2021,62.56
25/3/2021,61.63
24/3/2021,61.61
23/3/2021,62.27
22/3/2021,63.22
19/3/2021,62.47
18/3/2021,64.79
17/3/2021,66.76
16/3/2021,66.89
15/3/2021,68.18
12/3/2021,68.14
11/3/2021,67.39
10/3/2021,65.6
9/3/2021,66.38
8/3/2021,68.17
5/3/2021,67.03
4/3/2021,64.23
3/3/2021,62.12
2/3/2021,61.94
1/3/2021,64.21
26/2/2021,64.37
25/2/2021,65.42
24/2/2021,64
23/2/2021,63.73
22/2/2021,62.01
19/2/2021,61.32
18/2/2021,63.44
17/2/2021,63.06
16/2/2021,62.49
15/2/2021,62.61
12/2/2021,60.79
11/2/2021,60.55
10/2/2021,60.47
9/2/2021,60.3
8/2/2021,59.59
5/2/2021,58.94
4/2/2021,58.26
3/2/2021,57.74
2/2/2021,56.82
1/2/2021,55.14
29/1/2021,54.41
28/1/2021,54.36
27/1/2021,55.31
26/1/2021,54.87
25/1/2021,54.85
22/1/2021,54.69
21/1/2021,55.14
20/1/2021,55.75
19/1/2021,54.85
18/1/2021,53.92
15/1/2021,54.68
14/1/2021,55.19
13/1/2021,55.81
12/1/2021,55.41
11/1/2021,54.76
8/1/2021,54.39
7/1/2021,53.84
6/1/2021,53.29
5/1/2021,50.75
4/1/2021,51.35
31/12/2020,50.24
30/12/2020,50.22
29/12/2020,50.16
28/12/2020,50.1
24/12/2020,50.31
23/12/2020,49.46
22/12/2020,49.22
21/12/2020,49.57
18/12/2020,50.69
17/12/2020,50.78
16/12/2020,50.12
15/12/2020,49.61
14/12/2020,49.65
11/12/2020,49.58
10/12/2020,48.87
9/12/2020,48.31
8/12/2020,47.79
7/12/2020,47.77
4/12/2020,48.35
3/12/2020,47.46
2/12/2020,46.69
1/12/2020,46.73
30/11/2020,46.43
27/11/2020,46.79
26/11/2020,46.66
25/11/2020,46.91
24/11/2020,45.51
23/11/2020,44.75
20/11/2020,43.38
19/11/2020,43.12
18/11/2020,43.05
17/11/2020,42.76
16/11/2020,42.93
13/11/2020,42.05
12/11/2020,42.97
11/11/2020,43.42
10/11/2020,41.72
9/11/2020,39.97
6/11/2020,39.22
5/11/2020,39.79
4/11/2020,39.09
3/11/2020,38.44
2/11/2020,35.89
30/10/2020,36.5
29/10/2020,37.12
28/10/2020,38.42
27/10/2020,39.53
26/10/2020,39.22
23/10/2020,41.05
22/10/2020,40.91
21/10/2020,40.88
20/10/2020,41.04
19/10/2020,41.38
16/10/2020,41.37
15/10/2020,41.29
14/10/2020,41.2
13/10/2020,40.68
12/10/2020,40.57
9/10/2020,41.61
8/10/2020,41.06
7/10/2020,40.45
6/10/2020,40.33
5/10/2020,39.07
2/10/2020,38.09
1/10/2020,39.94
30/9/2020,40.65
29/9/2020,41.46
28/9/2020,41.61
25/9/2020,41.93
24/9/2020,41.22
23/9/2020,41.4
22/9/2020,41.32
21/9/2020,41.49
18/9/2020,42.98
17/9/2020,42.07
16/9/2020,41.29
15/9/2020,39.35
14/9/2020,38.96
11/9/2020,39.37
10/9/2020,39.83
9/9/2020,39.82
8/9/2020,40.29
7/9/2020,41.64
4/9/2020,43.42
3/9/2020,43.36
2/9/2020,45.02
1/9/2020,45.3
31/8/2020,46.27
28/8/2020,45.33
27/8/2020,45.81
26/8/2020,46.05
25/8/2020,45.87
24/8/2020,45.19
21/8/2020,44.92
20/8/2020,45.05
19/8/2020,45.19
18/8/2020,45.49
17/8/2020,44.94
14/8/2020,44.62
13/8/2020,45.34
12/8/2020,45.08
11/8/2020,45.21
10/8/2020,45.01
7/8/2020,44.87
6/8/2020,45.17
5/8/2020,45.34
4/8/2020,44.27
3/8/2020,44.02
31/7/2020,43.02
30/7/2020,42.99
29/7/2020,43.59
28/7/2020,43.4
27/7/2020,43.14
24/7/2020,43.38
23/7/2020,44.62
22/7/2020,44.24
21/7/2020,44.29
20/7/2020,43.03
17/7/2020,43.22
16/7/2020,43.8
15/7/2020,44.12
14/7/2020,43.02
13/7/2020,43.38
10/7/2020,43.47
9/7/2020,43.31
8/7/2020,43.44
7/7/2020,43.15
6/7/2020,43.57
3/7/2020,42.96
2/7/2020,42.93
1/7/2020,42.69
30/6/2020,38.22
29/6/2020,37.34
26/6/2020,37.99
25/6/2020,37.18
24/6/2020,38.17
23/6/2020,39.85
22/6/2020,38.96
19/6/2020,39.45
18/6/2020,37.7
17/6/2020,37.59
16/6/2020,36.75
15/6/2020,35.09
12/6/2020,35.06
11/6/2020,36.56
10/6/2020,37.46
9/6/2020,37.1
8/6/2020,38.89
5/6/2020,36.84
4/6/2020,34.85
3/6/2020,35.47
2/6/2020,34.96
1/6/2020,33.69
29/5/2020,29.01
28/5/2020,28.45
27/5/2020,29.03
26/5/2020,29.75
22/5/2020,28.06
21/5/2020,29.7
20/5/2020,28.68
19/5/2020,28.43
18/5/2020,28.21
15/5/2020,26.54
14/5/2020,24.93
13/5/2020,23.25
12/5/2020,22.83
11/5/2020,22.71
8/5/2020,22.21
7/5/2020,22.91
6/5/2020,22.4
5/5/2020,21.43
4/5/2020,18.36
1/5/2020,16.52
30/4/2020,18.05
29/4/2020,14.36
28/4/2020,12.41
27/4/2020,13.3
24/4/2020,14.31
23/4/2020,15.23
22/4/2020,12.22
21/4/2020,14.63
20/4/2020,14.19
17/4/2020,18.17
16/4/2020,17.73
15/4/2020,17.51
14/4/2020,19.7
13/4/2020,21.18
9/4/2020,21.77
8/4/2020,21.19
7/4/2020,22.67
6/4/2020,23.48
3/4/2020,23.01
2/4/2020,18.91
1/4/2020,16.85
31/3/2020,22.61
30/3/2020,21.66
27/3/2020,24.26
26/3/2020,26.04
25/3/2020,26.94
24/3/2020,26.53
23/3/2020,24.72
20/3/2020,28.57
19/3/2020,26.73
18/3/2020,27.31
17/3/2020,30.36
16/3/2020,30.63
13/3/2020,34.14
12/3/2020,33.27
11/3/2020,35.56
10/3/2020,35.73
9/3/2020,34.72
6/3/2020,48.35
5/3/2020,51.75
4/3/2020,52.01
3/3/2020,52.66
2/3/2020,51.68
28/2/2020,50.19
27/2/2020,51.92
26/2/2020,54.04
25/2/2020,55.91
24/2/2020,56.14
21/2/2020,58.21
20/2/2020,58.98
19/2/2020,58.39
18/2/2020,56.72
17/2/2020,57.28
14/2/2020,56.77
13/2/2020,55.9
12/2/2020,55.59
11/2/2020,54.2
10/2/2020,54.21
7/2/2020,55.13
6/2/2020,55.74
5/2/2020,55.01
4/2/2020,54.68
3/2/2020,55.53
31/1/2020,58.94
30/1/2020,58.8
29/1/2020,61.04
28/1/2020,60.67
27/1/2020,61.98
24/1/2020,62.52
23/1/2020,63.26
22/1/2020,64.66
21/1/2020,65.26
20/1/2020,66.11
17/1/2020,65.58
16/1/2020,65.62
15/1/2020,65.32
14/1/2020,65.63
13/1/2020,66.07
10/1/2020,67.02
9/1/2020,67.24
8/1/2020,69.58
7/1/2020,69.6
6/1/2020,70.87
3/1/2020,69.38
2/1/2020,67.12
31/12/2019,67.96
30/12/2019,68.89
27/12/2019,69.07
26/12/2019,68.48
24/12/2019,67.99
23/12/2019,67.58
20/12/2019,68
19/12/2019,67.93
18/12/2019,67.77
17/12/2019,67.48
16/12/2019,67.22
13/12/2019,66.76
12/12/2019,65.81
11/12/2019,65.38
10/12/2019,65.66
9/12/2019,65.57
6/12/2019,65.24
5/12/2019,64.81
4/12/2019,63.39
3/12/2019,62.57
2/12/2019,62.5
29/11/2019,63.83
28/11/2019,63.94
27/11/2019,64.4
26/11/2019,63.92
25/11/2019,64.21
22/11/2019,64.56
21/11/2019,63.68
20/11/2019,62.22
19/11/2019,62.51
18/11/2019,63.44
15/11/2019,63.12
14/11/2019,63
13/11/2019,62.48
12/11/2019,62.82
11/11/2019,62.26
8/11/2019,61.98
7/11/2019,62.32
6/11/2019,62.39
5/11/2019,62.57
4/11/2019,62
1/11/2019,60.19
31/10/2019,60.52
30/10/2019,61.24
29/10/2019,61.44
28/10/2019,61.65
25/10/2019,62.16
24/10/2019,61.63
23/10/2019,60.42
22/10/2019,59.78
21/10/2019,59.5
18/10/2019,60.06
17/10/2019,59.54
16/10/2019,59.28
15/10/2019,59.62
14/10/2019,59.95
11/10/2019,60.97
10/10/2019,58.74
9/10/2019,58.68
8/10/2019,58.56
7/10/2019,59.12
4/10/2019,58.62
3/10/2019,57.99
2/10/2019,58.75
1/10/2019,59.68
30/9/2019,61.09
27/9/2019,62.51
26/9/2019,62.31
25/9/2019,62.35
24/9/2019,63.93
23/9/2019,64.51
20/9/2019,65.3
19/9/2019,64.39
18/9/2019,64.57
17/9/2019,67.88
16/9/2019,66.43
13/9/2019,60.02
12/9/2019,60.51
11/9/2019,62.08
10/9/2019,62.74
9/9/2019,62
6/9/2019,60.75
5/9/2019,60.58
4/9/2019,58.97
3/9/2019,57.81
2/9/2019,58.76
30/8/2019,60.11
29/8/2019,60.24
28/8/2019,60.16
27/8/2019,58.98
26/8/2019,59.18
23/8/2019,59.67
22/8/2019,60.5
21/8/2019,60.66
20/8/2019,59.94
19/8/2019,59.46
16/8/2019,59.03
15/8/2019,58.77
14/8/2019,59.88
13/8/2019,59.34
12/8/2019,57.84
9/8/2019,57.88
8/8/2019,57.38
7/8/2019,57.7
6/8/2019,59.59
5/8/2019,60.41
2/8/2019,61.55
1/8/2019,63.37
31/7/2019,65.53
30/7/2019,64.62
29/7/2019,63.79
26/7/2019,64.02
25/7/2019,64.55
24/7/2019,64.58
23/7/2019,63.92
22/7/2019,64.27
19/7/2019,62.93
18/7/2019,63.1
17/7/2019,64.6
16/7/2019,66.13
15/7/2019,66.79
12/7/2019,67.36
11/7/2019,67.57
10/7/2019,66.1
9/7/2019,64.35
8/7/2019,64.72
5/7/2019,63.55
4/7/2019,63.43
3/7/2019,62.69
2/7/2019,63.95
1/7/2019,65.71
28/6/2019,65.6
27/6/2019,65.61
26/6/2019,65.6
25/6/2019,64.79
24/6/2019,65.05
21/6/2019,65.29
20/6/2019,63.95
19/6/2019,62.21
18/6/2019,61.43
17/6/2019,61.6
14/6/2019,61.25
13/6/2019,61.51
12/6/2019,61.01
11/6/2019,62.56
10/6/2019,63.01
7/6/2019,62.71
6/6/2019,60.88
5/6/2019,61.04
4/6/2019,61.63
3/6/2019,61.61
31/5/2019,64.15
30/5/2019,67.1
29/5/2019,67.75
28/5/2019,68.84
27/5/2019,67.42
24/5/2019,67.4
23/5/2019,68.56
22/5/2019,71.03
21/5/2019,71.71
20/5/2019,72.47
17/5/2019,72.57
16/5/2019,72.61
15/5/2019,71.26
14/5/2019,70.66
13/5/2019,71.21
10/5/2019,70.66
9/5/2019,69.66
8/5/2019,69.88
7/5/2019,70.45
6/5/2019,70.23
3/5/2019,70.61
2/5/2019,70.98
1/5/2019,72
30/4/2019,71.91
29/4/2019,71.07
26/4/2019,72.38
25/4/2019,74.04
24/4/2019,73.43
23/4/2019,73.37
22/4/2019,72.44
18/4/2019,70.83
17/4/2019,70.81
16/4/2019,70.11
15/4/2019,70.21
12/4/2019,70.44
11/4/2019,70.41
10/4/2019,70.31
9/4/2019,70.35
8/4/2019,70.33
5/4/2019,69.02
4/4/2019,68.76
3/4/2019,69.12
2/4/2019,68.83
1/4/2019,68.31
29/3/2019,67.23
28/3/2019,66.38
27/3/2019,67.15
26/3/2019,67.03
25/3/2019,66.19
22/3/2019,66.67
21/3/2019,67.78
20/3/2019,67.54
19/3/2019,67.25
18/3/2019,66.87
15/3/2019,66.91
14/3/2019,67.29
13/3/2019,66.6
12/3/2019,66.3
11/3/2019,66.01
8/3/2019,64.78
7/3/2019,65.57
6/3/2019,65.04
5/3/2019,64.98
4/3/2019,64.86
1/3/2019,65.32
28/2/2019,65.28
27/2/2019,64.97
26/2/2019,64.08
25/2/2019,65.36
22/2/2019,66.56
21/2/2019,66.5
20/2/2019,65.97
19/2/2019,65.79
18/2/2019,66.03
15/2/2019,64.87
14/2/2019,64.28
13/2/2019,62.94
12/2/2019,61.88
11/2/2019,61.4
8/2/2019,61.37
7/2/2019,61.57
6/2/2019,62.3
5/2/2019,62.07
4/2/2019,62.33
1/2/2019,60.96
31/1/2019,61.19
30/1/2019,60.93
29/1/2019,59.71
28/1/2019,59.57
25/1/2019,60.9
24/1/2019,60.22
23/1/2019,60.52
22/1/2019,60.66
21/1/2019,61.49
18/1/2019,60.9
17/1/2019,59.63
16/1/2019,59.52
15/1/2019,58.24
14/1/2019,58.39
11/1/2019,60
10/1/2019,59.46
9/1/2019,58.22
8/1/2019,56.09
7/1/2019,56.42
4/1/2019,55.13
3/1/2019,52.93
2/1/2019,52.14
28/12/2018,51.55
27/12/2018,52.35
26/12/2018,50.11
21/12/2018,52.64
20/12/2018,53.92
19/12/2018,55.13
18/12/2018,56.08
17/12/2018,58.24
14/12/2018,59.07
13/12/2018,58.67
12/12/2018,59.2
11/12/2018,58.57
10/12/2018,59.72
7/12/2018,59.2
6/12/2018,58.79
5/12/2018,60.08
4/12/2018,61.09
3/12/2018,60.57
30/11/2018,58.33
29/11/2018,58.09
28/11/2018,59.25
27/11/2018,59.05
26/11/2018,59.29
23/11/2018,60.27
22/11/2018,62.08
21/11/2018,62.33
20/11/2018,64.02
19/11/2018,65.46
16/11/2018,66
15/11/2018,65.28
14/11/2018,64.51
13/11/2018,67.01
12/11/2018,69.82
9/11/2018,68.89
8/11/2018,70.68
7/11/2018,70.63
6/11/2018,70.88
5/11/2018,71.45
2/11/2018,71.35
1/11/2018,72.64
31/10/2018,75.24
30/10/2018,75.51
29/10/2018,76.07
26/10/2018,75.71
25/10/2018,75.33
24/10/2018,75.04
23/10/2018,77.11
22/10/2018,78.68
19/10/2018,78.15
18/10/2018,78.25
17/10/2018,79.5
16/10/2018,79.02
15/10/2018,79.31
12/10/2018,79.36
11/10/2018,80.14
10/10/2018,82.6
9/10/2018,83.17
8/10/2018,81.88
5/10/2018,83.24
4/10/2018,84.09
3/10/2018,83.64
2/10/2018,83.28
1/10/2018,81.58
28/9/2018,81.48
27/9/2018,80.88
26/9/2018,81.58
25/9/2018,80.44
24/9/2018,78.81
21/9/2018,77.08
20/9/2018,77.13
19/9/2018,77.06
18/9/2018,76.09
17/9/2018,76.19
14/9/2018,76.05
13/9/2018,76.46
12/9/2018,77.16
11/9/2018,76.02
10/9/2018,75.2
7/9/2018,74.17
6/9/2018,74.51
5/9/2018,75.18
4/9/2018,76.32
3/9/2018,75.77
31/8/2018,75.74
30/8/2018,75.72
29/8/2018,74.48
28/8/2018,74.75
27/8/2018,74.09
24/8/2018,74.02
23/8/2018,73.01
22/8/2018,71.75
21/8/2018,71.01
20/8/2018,70.64
17/8/2018,70.27
16/8/2018,69.47
15/8/2018,69.77
14/8/2018,71.33
13/8/2018,70.97
10/8/2018,70.6
9/8/2018,72.03
8/8/2018,72.1
7/8/2018,72.49
6/8/2018,72.18
3/8/2018,71.98
2/8/2018,71.52
1/8/2018,72
31/7/2018,73.62
30/7/2018,73.53
27/7/2018,73.69
26/7/2018,73.62
25/7/2018,72.87
24/7/2018,72.01
23/7/2018,71.85
20/7/2018,71.57
19/7/2018,70.91
18/7/2018,69.98
17/7/2018,70.38
16/7/2018,71.9
13/7/2018,72.15
12/7/2018,72.15
11/7/2018,74.4
10/7/2018,76.34
9/7/2018,75.23
6/7/2018,74.5
5/7/2018,75.21
4/7/2018,75.38
3/7/2018,74.96
2/7/2018,75.61
29/6/2018,75.68
28/6/2018,74.86
27/6/2018,74.31
26/6/2018,72.69
25/6/2018,72.16
22/6/2018,71.89
21/6/2018,70.96
20/6/2018,72.49
19/6/2018,71.88
18/6/2018,71.1
15/6/2018,72.8
14/6/2018,73.81
13/6/2018,73.36
12/6/2018,74.12
11/6/2018,73.97
8/6/2018,74.23
7/6/2018,73.63
6/6/2018,73.07
5/6/2018,72.8
4/6/2018,73.57
1/6/2018,74.25
31/5/2018,75.18
30/5/2018,73.73
29/5/2018,72.91
28/5/2018,73.37
25/5/2018,74.87
24/5/2018,76.62
23/5/2018,76.43
22/5/2018,77.19
21/5/2018,76.22
18/5/2018,76.47
17/5/2018,76.76
16/5/2018,75.18
15/5/2018,75.47
14/5/2018,74.2
11/5/2018,74.41
10/5/2018,74.45
9/5/2018,73.95
8/5/2018,72.1
7/5/2018,72.44
4/5/2018,70.98
3/5/2018,70.64
2/5/2018,70.46
1/5/2018,70.57
30/4/2018,71.02
27/4/2018,71.24
26/4/2018,71
25/4/2018,70.5
24/4/2018,71.35
23/4/2018,70.51
20/4/2018,70.37
19/4/2018,70.96
18/4/2018,69.39
17/4/2018,68.36
16/4/2018,68.41
13/4/2018,69.29
12/4/2018,68.74
11/4/2018,68.29
10/4/2018,66.95
9/4/2018,65.08
6/4/2018,64.81
5/4/2018,65.17
4/4/2018,64.48
3/4/2018,64.97
2/4/2018,66.08
29/3/2018,65.87
28/3/2018,66.06
27/3/2018,66.81
26/3/2018,66.81
23/3/2018,66.4
22/3/2018,66.19
21/3/2018,65.39
20/3/2018,64.11
19/3/2018,63.31
16/3/2018,62.74
15/3/2018,62.24
14/3/2018,61.97
13/3/2018,62.15
12/3/2018,62.53
9/3/2018,61.95
8/3/2018,61.85
7/3/2018,62.68
6/3/2018,63.24
5/3/2018,62.87
2/3/2018,61.57
1/3/2018,62.17
28/2/2018,63.97
27/2/2018,64.99
26/2/2018,65.18
23/2/2018,64.15
22/2/2018,63.08
21/2/2018,62.5
20/2/2018,62.81
19/2/2018,62.89
16/2/2018,62.41
15/2/2018,62.09
14/2/2018,60.62
13/2/2018,60.52
12/2/2018,61.04
9/2/2018,61.57
8/2/2018,62.74
7/2/2018,64.36
6/2/2018,64.89
5/2/2018,65.75
2/2/2018,67.11
1/2/2018,66.88
31/1/2018,66.28
30/1/2018,66.6
29/1/2018,67.6
26/1/2018,67.94
25/1/2018,68.46
24/1/2018,67.61
23/1/2018,67.32
22/1/2018,66.89
19/1/2018,66.48
18/1/2018,67.2
17/1/2018,67.07
16/1/2018,67.54
15/1/2018,67.78
12/1/2018,67.17
11/1/2018,67.38
10/1/2018,67.24
9/1/2018,66.39
8/1/2018,65.85
5/1/2018,65.86
4/1/2018,66.13
3/1/2018,65.13
2/1/2018,64.84
29/12/2017,64.47
28/12/2017,64.17
27/12/2017,64.24
26/12/2017,63.07
22/12/2017,62.66
21/12/2017,62.66
20/12/2017,62.16
19/12/2017,61.72
18/12/2017,61.64
15/12/2017,61.48
14/12/2017,60.87
13/12/2017,61.5
12/12/2017,62.75
11/12/2017,61.94
8/12/2017,61.03
7/12/2017,60.12
6/12/2017,60.73
5/12/2017,60.87
4/12/2017,61.45
1/12/2017,61.71
30/11/2017,61.06
29/11/2017,61.14
28/11/2017,61.31
27/11/2017,61.51
24/11/2017,61.64
23/11/2017,61.14
22/11/2017,61.09
21/11/2017,60.49
20/11/2017,60.33
17/11/2017,59.9
16/11/2017,59.98
15/11/2017,59.79
14/11/2017,60.52
13/11/2017,61.27
10/11/2017,61.91
9/11/2017,61.7
8/11/2017,61.61
7/11/2017,62.07
6/11/2017,61.02
3/11/2017,59.12
2/11/2017,58.45
1/11/2017,59.21
31/10/2017,58.53
30/10/2017,58.27
27/10/2017,57.55
26/10/2017,56.45
25/10/2017,56.33
24/10/2017,55.59
23/10/2017,55.77
20/10/2017,55.41
19/10/2017,55.52
18/10/2017,56.12
17/10/2017,55.83
16/10/2017,55.74
13/10/2017,55.12
12/10/2017,54.44
11/10/2017,54.54
10/10/2017,54.23
9/10/2017,53.7
6/10/2017,54.47
5/10/2017,54.62
4/10/2017,53.93
3/10/2017,54.28
2/10/2017,54.6
29/9/2017,55.2
28/9/2017,55.59
27/9/2017,56.07
26/9/2017,56.43
25/9/2017,55.62
22/9/2017,54.84
21/9/2017,54.59
20/9/2017,54.06
19/9/2017,53.81
18/9/2017,53.78
15/9/2017,53.64
14/9/2017,53.63
13/9/2017,52.92
12/9/2017,52.08
11/9/2017,51.82
8/9/2017,52.53
7/9/2017,52.48
6/9/2017,52.04
5/9/2017,50.99
4/9/2017,50.36
1/9/2017,49.68
31/8/2017,49.36
30/8/2017,49.41
29/8/2017,49.51
28/8/2017,49.86
25/8/2017,49.93
24/8/2017,49.76
23/8/2017,49.49
22/8/2017,49.5
21/8/2017,49.8
18/8/2017,48.86
17/8/2017,48.07
16/8/2017,48.69
15/8/2017,48.45
14/8/2017,49.46
11/8/2017,49.37
10/8/2017,50.7
9/8/2017,50.48
8/8/2017,50.5
7/8/2017,50.06
4/8/2017,49.96
3/8/2017,50.26
2/8/2017,49.75
1/8/2017,49.61
31/7/2017,49.97
28/7/2017,49.46
27/7/2017,48.88
26/7/2017,48.51
25/7/2017,47.11
24/7/2017,46.01
21/7/2017,46.99
20/7/2017,47.48
19/7/2017,46.85
18/7/2017,46.45
17/7/2017,46.8
14/7/2017,46.4
13/7/2017,45.66
12/7/2017,46.02
11/7/2017,44.79
10/7/2017,44.77
7/7/2017,45.11
6/7/2017,46.52
5/7/2017,47.04
4/7/2017,47.57
3/7/2017,47.17
30/6/2017,45.63
29/6/2017,45.36
28/6/2017,44.48
27/6/2017,44.23
26/6/2017,43.14
23/6/2017,43.02
22/6/2017,42.58
21/6/2017,43.14
20/6/2017,43.9
19/6/2017,44.46
16/6/2017,44.58
15/6/2017,44.38
14/6/2017,45.16
13/6/2017,46.01
12/6/2017,45.94
9/6/2017,45.49
8/6/2017,45.78
7/6/2017,46.78
6/6/2017,46.98
5/6/2017,47.37
2/6/2017,47.33
1/6/2017,48.85
31/5/2017,48.69
30/5/2017,49.39
29/5/2017,49.67
26/5/2017,49.48
25/5/2017,51.24
24/5/2017,51.96
23/5/2017,51.34
22/5/2017,51.54
19/5/2017,50.91
18/5/2017,49.91
17/5/2017,49.48
16/5/2017,49.75
15/5/2017,49.77
12/5/2017,48.31
11/5/2017,48.41
10/5/2017,47.35
9/5/2017,46.88
8/5/2017,46.91
5/5/2017,46.6
4/5/2017,47.49
3/5/2017,48.38
2/5/2017,49.02
1/5/2017,49.19
28/4/2017,49.33
27/4/2017,48.9
26/4/2017,49.65
25/4/2017,49.22
24/4/2017,49.66
21/4/2017,50.01
20/4/2017,50.49
19/4/2017,51.9
18/4/2017,52.3
17/4/2017,52.96
13/4/2017,53.38
12/4/2017,53.69
11/4/2017,53.37
10/4/2017,53.14
7/4/2017,52.92
6/4/2017,51.84
5/4/2017,51.96
4/4/2017,50.6
3/4/2017,50.69
31/3/2017,50.43
30/3/2017,50.2
29/3/2017,49.54
28/3/2017,48.84
27/3/2017,48.25
24/3/2017,48.26
23/3/2017,48.35
22/3/2017,48.28
21/3/2017,49.23
20/3/2017,49.18
17/3/2017,49.36
16/3/2017,49.7
15/3/2017,49.17
14/3/2017,48.63
13/3/2017,49
10/3/2017,49.81
9/3/2017,50.82
8/3/2017,52.69
7/3/2017,53.54
6/3/2017,53.13
3/3/2017,53.01
2/3/2017,53.74
1/3/2017,54.15
28/2/2017,53.4
27/2/2017,53.85
24/2/2017,53.61
23/2/2017,53.95
22/2/2017,53.48
21/2/2017,53.88
20/2/2017,53.49
17/2/2017,53.11
16/2/2017,53.14
15/2/2017,53.1
14/2/2017,53.31
13/2/2017,53.47
10/2/2017,53.23
9/2/2017,52.76
8/2/2017,52.13
7/2/2017,52.78
6/2/2017,53.77
3/2/2017,54.24
2/2/2017,53.93
1/2/2017,52.76
31/1/2017,52.19
30/1/2017,52.78
27/1/2017,52.88
26/1/2017,52.91
25/1/2017,52.14
24/1/2017,52.51
23/1/2017,52.1
20/1/2017,51.8
19/1/2017,51.45
18/1/2017,52.22
17/1/2017,52.6
16/1/2017,52.17
13/1/2017,52.64
12/1/2017,52.3
11/1/2017,50.98
10/1/2017,51.46
9/1/2017,52.85
6/1/2017,53.5
5/1/2017,53.02
4/1/2017,52.71
3/1/2017,53.13
30/12/2016,53.3
29/12/2016,53.46
28/12/2016,53.39
27/12/2016,52.25
23/12/2016,51.74
22/12/2016,51.73
21/12/2016,52.25
20/12/2016,51.99
19/12/2016,52.18
16/12/2016,51.29
15/12/2016,50.96
14/12/2016,51.83
13/12/2016,52.39
12/12/2016,53.24
9/12/2016,50.95
8/12/2016,50.04
7/12/2016,50.22
6/12/2016,50.98
5/12/2016,51.25
2/12/2016,50.42
1/12/2016,49.28
30/11/2016,44.8
29/11/2016,43.87
28/11/2016,43.84
25/11/2016,44.88
24/11/2016,45.22
23/11/2016,45.37
22/11/2016,45.25
21/11/2016,44.34
18/11/2016,42.33
17/11/2016,42.83
16/11/2016,42.9
15/11/2016,41.84
14/11/2016,40.94
11/11/2016,41.54
10/11/2016,42.67
9/11/2016,41.9
8/11/2016,42.22
7/11/2016,41.98
4/11/2016,41.85
3/11/2016,42.62
2/11/2016,43.1
1/11/2016,44.51
31/10/2016,45.83
28/10/2016,47.04
27/10/2016,47.23
26/10/2016,46.96
25/10/2016,47.83
24/10/2016,48.15
21/10/2016,48.08
20/10/2016,48.51
19/10/2016,49.06
18/10/2016,48.24
17/10/2016,48.22
14/10/2016,48.63
13/10/2016,48.07
12/10/2016,48.68
11/10/2016,48.81
10/10/2016,48.31
7/10/2016,48.59
6/10/2016,47.86
5/10/2016,47.75
4/10/2016,46.72
3/10/2016,46.65
30/9/2016,44.63
29/9/2016,44.34
28/9/2016,42.21
27/9/2016,42.3
26/9/2016,42.16
23/9/2016,42.89
22/9/2016,43.27
21/9/2016,42.54
20/9/2016,41.55
19/9/2016,42.09
16/9/2016,41.74
15/9/2016,41.67
14/9/2016,42.56
13/9/2016,42.91
12/9/2016,44.53
9/9/2016,44.55
8/9/2016,44.61
7/9/2016,43.18
6/9/2016,42.75
5/9/2016,43.54
2/9/2016,41.47
1/9/2016,42
31/8/2016,43.91
30/8/2016,45.25
29/8/2016,45.44
26/8/2016,45.75
25/8/2016,45.28
24/8/2016,45.25
23/8/2016,45.34
22/8/2016,46.04
19/8/2016,46.82
18/8/2016,46.5
17/8/2016,45.34
16/8/2016,45.03
15/8/2016,43.92
12/8/2016,42.6
11/8/2016,40.62
10/8/2016,40.57
9/8/2016,41.08
8/8/2016,41.1
5/8/2016,40.08
4/8/2016,39.6
3/8/2016,38.43
2/8/2016,38.29
1/8/2016,39.1
29/7/2016,38.97
28/7/2016,39.79
27/7/2016,40.49
26/7/2016,40.62
25/7/2016,41.35
22/7/2016,41.71
21/7/2016,42.93
20/7/2016,42.73
19/7/2016,42.66
18/7/2016,43.36
15/7/2016,43.24
14/7/2016,42.88
13/7/2016,43.19
12/7/2016,43.22
11/7/2016,42.21
8/7/2016,42.59
7/7/2016,44.19
6/7/2016,44.35
5/7/2016,44.34
4/7/2016,46.08
1/7/2016,45.42
30/6/2016,46.27
29/6/2016,45.82
28/6/2016,44.46
27/6/2016,44.32
24/6/2016,44.88
23/6/2016,46.16
22/6/2016,46.46
21/6/2016,46.02
20/6/2016,46.24
17/6/2016,44.18
16/6/2016,44.03
15/6/2016,45.36
14/6/2016,45.64
13/6/2016,46.25
10/6/2016,47.05
9/6/2016,48.02
8/6/2016,47.76
7/6/2016,46.63
6/6/2016,46.1
3/6/2016,45.82
2/6/2016,45.67
1/6/2016,45.28
31/5/2016,45.15
30/5/2016,44.8
27/5/2016,44.76
26/5/2016,45.43
25/5/2016,44.97
24/5/2016,44.02
23/5/2016,44.07
20/5/2016,44.77
19/5/2016,43.84
18/5/2016,44.88
17/5/2016,44.82
16/5/2016,44.37
13/5/2016,43.3
12/5/2016,43.33
11/5/2016,41.43
10/5/2016,40.23
9/5/2016,40.77
6/5/2016,40.57
5/5/2016,41.16
4/5/2016,40.45
3/5/2016,41.03
2/5/2016,42.48
29/4/2016,42.7
28/4/2016,42.02
27/4/2016,41.38
26/4/2016,39.88
25/4/2016,39.4
22/4/2016,39.78
21/4/2016,40.09
20/4/2016,38.46
19/4/2016,38.27
18/4/2016,36.58
15/4/2016,38.05
14/4/2016,38.58
13/4/2016,38.91
12/4/2016,38.62
11/4/2016,37.02
8/4/2016,36.01
7/4/2016,34.71
6/4/2016,33.93
5/4/2016,32.71
4/4/2016,33.4
1/4/2016,34.54
31/3/2016,34.33
30/3/2016,34.91
29/3/2016,34.5
28/3/2016,35.48
25/3/2016,34.96
24/3/2016,34.96
23/3/2016,36.19
22/3/2016,36.67
21/3/2016,36.27
18/3/2016,36.59
17/3/2016,36.36
16/3/2016,34.5
15/3/2016,33.69
14/3/2016,34.74
11/3/2016,35.62
10/3/2016,35.23
9/3/2016,35.05
8/3/2016,35.07
7/3/2016,34.43
4/3/2016,32.42
3/3/2016,31.68
2/3/2016,31.72
1/3/2016,31.65
29/2/2016,30.13
26/2/2016,30.74
25/2/2016,29.19
24/2/2016,28.3
23/2/2016,28.94
22/2/2016,29.48
19/2/2016,29.17
18/2/2016,29.96
17/2/2016,28.18
16/2/2016,29.35
15/2/2016,28.44
12/2/2016,26.74
11/2/2016,25.21
10/2/2016,25.93
9/2/2016,28.33
8/2/2016,29
5/2/2016,29.3
4/2/2016,29.93
3/2/2016,28.65
2/2/2016,28.4
1/2/2016,29.73
29/1/2016,29.11
28/1/2016,28.28
27/1/2016,26.4
26/1/2016,25.11
25/1/2016,25.58
22/1/2016,25.5
21/1/2016,22.89
20/1/2016,22.48
19/1/2016,23.85
18/1/2016,23.58
15/1/2016,24.74
14/1/2016,25
13/1/2016,25.69
12/1/2016,25.76
11/1/2016,27.07
8/1/2016,28.47
7/1/2016,27.85
6/1/2016,29.71
5/1/2016,31.21
4/1/2016,31.79
31/12/2015,31.27
30/12/2015,31.42
29/12/2015,31.55
28/12/2015,31.71
24/12/2015,32.17
23/12/2015,31.25
22/12/2015,31.15
21/12/2015,30.74
18/12/2015,31.63
17/12/2015,31.49
16/12/2015,32.28
15/12/2015,32.56
14/12/2015,32.55
11/12/2015,33.71
10/12/2015,34.64
9/12/2015,34.74
8/12/2015,35.25
7/12/2015,36.4
4/12/2015,38.03
3/12/2015,37.84
2/12/2015,38.4
1/12/2015,39.25
30/11/2015,38.93
27/11/2015,39.08
26/11/2015,39.65
25/11/2015,39.81
24/11/2015,39.59
23/11/2015,38.35
20/11/2015,38.37
19/11/2015,38.52
18/11/2015,38.04
17/11/2015,38.29
16/11/2015,38.18
13/11/2015,39.21
12/11/2015,40.21
11/11/2015,41.53
10/11/2015,42.26
9/11/2015,42.13
6/11/2015,42.72
5/11/2015,43.28
4/11/2015,44.43
3/11/2015,43.89
2/11/2015,43.95
30/10/2015,43.66
29/10/2015,44.34
28/10/2015,43.2
27/10/2015,42.4
26/10/2015,43.13
23/10/2015,43.45
22/10/2015,43.44
21/10/2015,43.67
20/10/2015,43.87
19/10/2015,44.92
16/10/2015,45.71
15/10/2015,45.05
14/10/2015,45.21
13/10/2015,46
12/10/2015,47.97
9/10/2015,48.79
8/10/2015,48.1
7/10/2015,48.24
6/10/2015,46.08
5/10/2015,44.95
2/10/2015,43.82
1/10/2015,44.48
30/9/2015,43.58
29/9/2015,43.51
28/9/2015,43.54
25/9/2015,43.76
24/9/2015,44.48
23/9/2015,44.69
22/9/2015,43.84
21/9/2015,43.81
18/9/2015,44.34
17/9/2015,45.1
16/9/2015,44.57
15/9/2015,43.13
14/9/2015,43.85
11/9/2015,44.64
10/9/2015,44.83
9/9/2015,45.96
8/9/2015,45.38
7/9/2015,45.59
4/9/2015,46.83
3/9/2015,47.4
2/9/2015,45.56
1/9/2015,47.8
31/8/2015,47.01
28/8/2015,45.19
27/8/2015,42.37
26/8/2015,40.51
25/8/2015,40.47
24/8/2015,40.67
21/8/2015,43
20/8/2015,44.13
19/8/2015,45.39
18/8/2015,45.77
17/8/2015,45.96
14/8/2015,46.62
13/8/2015,47.29
12/8/2015,47.09
11/8/2015,47.66
10/8/2015,47.32
7/8/2015,46.95
6/8/2015,47.09
5/8/2015,47.89
4/8/2015,47.9
3/8/2015,48.4
31/7/2015,50.51
30/7/2015,51.46
29/7/2015,50.83
28/7/2015,50.55
27/7/2015,51.3
24/7/2015,52.08
23/7/2015,53.04
22/7/2015,53.45
21/7/2015,53.57
20/7/2015,53.79
17/7/2015,53.99
16/7/2015,54.23
15/7/2015,54.94
14/7/2015,54.55
13/7/2015,55.23
10/7/2015,55.99
9/7/2015,55.54
8/7/2015,53.78
7/7/2015,54.25
6/7/2015,55.79
3/7/2015,58.35
2/7/2015,59.31
1/7/2015,59.81
30/6/2015,58.79
29/6/2015,58.24
26/6/2015,59.14
25/6/2015,59.58
24/6/2015,60.68
23/6/2015,59.96
22/6/2015,59.36
19/6/2015,59.98
18/6/2015,60.56
17/6/2015,60.27
16/6/2015,60.08
15/6/2015,60.17
12/6/2015,61.17
11/6/2015,62.14
10/6/2015,62.41
9/6/2015,60.27
8/6/2015,59.42
5/6/2015,58.61
4/6/2015,59.61
3/6/2015,61.49
2/6/2015,62.26
1/6/2015,60.46
29/5/2015,60.47
28/5/2015,59.33
27/5/2015,60.43
26/5/2015,60.73
25/5/2015,61.18
22/5/2015,62.03
21/5/2015,61.86
20/5/2015,60.91
19/5/2015,61.11
18/5/2015,62.98
15/5/2015,62.74
14/5/2015,63.13
13/5/2015,63.77
12/5/2015,62.49
11/5/2015,62.03
8/5/2015,62.44
7/5/2015,63.98
6/5/2015,64.96
5/5/2015,63.62
4/5/2015,62.85
1/5/2015,62.23
30/4/2015,62.21
29/4/2015,60.92
28/4/2015,60.41
27/4/2015,61.06
24/4/2015,60.95
23/4/2015,59.14
22/4/2015,58.09
21/4/2015,58.84
20/4/2015,59.5
17/4/2015,59.52
16/4/2015,58.88
15/4/2015,57.01
14/4/2015,55.91
13/4/2015,55.86
10/4/2015,54.04
9/4/2015,53.52
8/4/2015,54.28
7/4/2015,54.61
6/4/2015,53.2
3/4/2015,53.1
2/4/2015,52.93
1/4/2015,52.48
31/3/2015,51.06
30/3/2015,51.45
27/3/2015,52.93
26/3/2015,54.55
25/3/2015,50.83
24/3/2015,50.92
23/3/2015,50.3
20/3/2015,49.93
19/3/2015,50.17
18/3/2015,49.17
17/3/2015,48.76
16/3/2015,49.46
13/3/2015,51.66
12/3/2015,53.16
11/3/2015,52.25
10/3/2015,53.03
9/3/2015,54.53
6/3/2015,55.63
5/3/2015,55.77
4/3/2015,55.82
3/3/2015,55.94
2/3/2015,56.74
27/2/2015,56.83
26/2/2015,56.07
25/2/2015,53.81
24/2/2015,53.54
23/2/2015,54.09
20/2/2015,56.55
19/2/2015,56.29
18/2/2015,56.83
17/2/2015,56.69
16/2/2015,56.43
13/2/2015,55.97
12/2/2015,52.86
11/2/2015,52.21
10/2/2015,53.14
9/2/2015,53.58
6/2/2015,53.36
5/2/2015,50.81
4/2/2015,52.22
3/2/2015,51.77
2/2/2015,48.19
30/1/2015,44.83
29/1/2015,43.88
28/1/2015,44.08
27/1/2015,43.24
26/1/2015,42.9
23/1/2015,43.69
22/1/2015,43.05
21/1/2015,43.25
20/1/2015,43.04
19/1/2015,43.87
16/1/2015,43.4
15/1/2015,43.14
14/1/2015,41.65
13/1/2015,41.5
12/1/2015,43.55
9/1/2015,45.19
8/1/2015,45.68
7/1/2015,44.79
6/1/2015,46.57
5/1/2015,48.87
2/1/2015,51.78
31/12/2014,52
30/12/2014,52.39
29/12/2014,54.44
26/12/2014,56.14
24/12/2014,56.03
23/12/2014,55.59
22/12/2014,56.9
19/12/2014,55.52
18/12/2014,56.3
17/12/2014,55.64
16/12/2014,55.91
15/12/2014,57.92
12/12/2014,58.65
11/12/2014,60.5
10/12/2014,61.35
9/12/2014,62.33
8/12/2014,63.78
5/12/2014,65.32
4/12/2014,66.27
3/12/2014,67.31
2/12/2014,68.13
1/12/2014,66.44
28/11/2014,68.89
27/11/2014,70.8
26/11/2014,73.7
25/11/2014,74.28
24/11/2014,75.7
21/11/2014,75.42
20/11/2014,74.03
19/11/2014,74.05
18/11/2014,74.36
17/11/2014,73.9
14/11/2014,73.47
13/11/2014,75.15
12/11/2014,76.96
11/11/2014,77.27
10/11/2014,78.98
7/11/2014,78.67
6/11/2014,78.27
5/11/2014,78.11
4/11/2014,78.67
3/11/2014,80.64
31/10/2014,81.97
30/10/2014,82.79
29/10/2014,83.24
28/10/2014,82.44
27/10/2014,82.37
24/10/2014,82.48
23/10/2014,81.67
22/10/2014,81.94
21/10/2014,82.09
20/10/2014,82.37
17/10/2014,83.19
16/10/2014,81.17
15/10/2014,81.89
14/10/2014,85.14
13/10/2014,85.93
10/10/2014,86.43
9/10/2014,88.27
8/10/2014,88.32
7/10/2014,89.37
6/10/2014,90.4
3/10/2014,90.33
2/10/2014,90.4
1/10/2014,92.19
30/9/2014,94.17
29/9/2014,94.54
26/9/2014,94.13
25/9/2014,94.25
24/9/2014,94.18
23/9/2014,94.31
22/9/2014,94.37
19/9/2014,94.44
18/9/2014,95.19
17/9/2014,95.84
16/9/2014,95.3
15/9/2014,94.68
12/9/2014,95.68
11/9/2014,95.35
10/9/2014,95.93
9/9/2014,96.99
8/9/2014,97
5/9/2014,98.38
4/9/2014,99.15
3/9/2014,98.66
2/9/2014,98.95
1/9/2014,100.1
29/8/2014,99.99
28/8/2014,99.97
27/8/2014,100.06
26/8/2014,99.82
25/8/2014,99.09
22/8/2014,99.19
21/8/2014,99.03
20/8/2014,99.52
19/8/2014,98.93
18/8/2014,99.42
15/8/2014,99.94
14/8/2014,100.99
13/8/2014,100.88
12/8/2014,101.66
11/8/2014,102.29
8/8/2014,103.1
7/8/2014,102.22
6/8/2014,102.05
5/8/2014,102.23
4/8/2014,102.58
1/8/2014,102.89
31/7/2014,103.6
30/7/2014,105.21
29/7/2014,105.44
28/7/2014,105.11
25/7/2014,105.31
24/7/2014,105.22
23/7/2014,105.3
22/7/2014,105.74
21/7/2014,105.07
18/7/2014,105.54
17/7/2014,105.04
16/7/2014,104.44
15/7/2014,103.65
14/7/2014,104.12
11/7/2014,104.87
10/7/2014,105.16
9/7/2014,105.49
8/7/2014,106.25
7/7/2014,106.89
4/7/2014,107.34
3/7/2014,107.17
2/7/2014,108.35
1/7/2014,108.68
30/6/2014,108.59
27/6/2014,109.17
26/6/2014,109.38
25/6/2014,109.63
24/6/2014,109.62
23/6/2014,110.3
20/6/2014,110.48
19/6/2014,110.26
18/6/2014,109.6
17/6/2014,108.81
16/6/2014,109.09
13/6/2014,109.31
12/6/2014,107.46
11/6/2014,106.02
10/6/2014,105.89
9/6/2014,105.72
6/6/2014,105.38
5/6/2014,104.73
4/6/2014,105.56
3/6/2014,105.14
2/6/2014,105.6
30/5/2014,105.91
29/5/2014,106.45
28/5/2014,106.35
27/5/2014,106.79
26/5/2014,106.73
23/5/2014,106.92
22/5/2014,107
21/5/2014,106.82
20/5/2014,106.18
19/5/2014,106.43
16/5/2014,105.95
15/5/2014,105.66
14/5/2014,105.62
13/5/2014,104.5
12/5/2014,104.21
9/5/2014,104.46
8/5/2014,103.94
7/5/2014,103.68
6/5/2014,103.69
5/5/2014,104.35
2/5/2014,104.25
1/5/2014,103.77
30/4/2014,103.95
29/4/2014,104.95
28/4/2014,105.43
25/4/2014,105.37
24/4/2014,105.2
23/4/2014,104.99
22/4/2014,105.19
21/4/2014,105.34
17/4/2014,105.53
16/4/2014,106.06
15/4/2014,105.21
14/4/2014,104.81
11/4/2014,104.07
10/4/2014,104.33
9/4/2014,104.22
8/4/2014,103.16
7/4/2014,102.16
4/4/2014,103.12
3/4/2014,101.57
2/4/2014,101.72
1/4/2014,103.25
31/3/2014,104.08
28/3/2014,104.27
27/3/2014,103.79
26/3/2014,103.62
25/3/2014,103.39
24/3/2014,103.13
21/3/2014,103.3
20/3/2014,102.37
19/3/2014,103.16
18/3/2014,103.29
17/3/2014,103.85
14/3/2014,103.83
13/3/2014,103.71
12/3/2014,103.75
11/3/2014,104.38
10/3/2014,104.48
7/3/2014,104.98
6/3/2014,104.37
5/3/2014,105.24
4/3/2014,106.3
3/3/2014,107.8
28/2/2014,105.92
27/2/2014,106.1
26/2/2014,106.49
25/2/2014,106.55
24/2/2014,106.7
21/2/2014,106.68
20/2/2014,106.79
19/2/2014,107.15
18/2/2014,106.53
17/2/2014,106.11
14/2/2014,105.58
13/2/2014,105.27
12/2/2014,105.46
11/2/2014,105.3
10/2/2014,105.52
7/2/2014,104.41
6/2/2014,103.34
5/2/2014,102.63
4/2/2014,102.55
3/2/2014,102.55
31/1/2014,104.45
30/1/2014,105.09
29/1/2014,104.57
28/1/2014,104.67
27/1/2014,104.62
24/1/2014,105.04
23/1/2014,106.11
22/1/2014,105.62
21/1/2014,105.26
20/1/2014,104.17
17/1/2014,103.98
16/1/2014,104.39
15/1/2014,104.28
14/1/2014,103.92
13/1/2014,103.93
10/1/2014,104.09
9/1/2014,104.28
8/1/2014,104.43
7/1/2014,104.51
6/1/2014,104.33
3/1/2014,104.99
2/1/2014,106.85
31/12/2013,107.94
30/12/2013,108.57
27/12/2013,109.35
24/12/2013,108.76
23/12/2013,108.73
20/12/2013,108.15
19/12/2013,107.49
18/12/2013,106.74
17/12/2013,106.57
16/12/2013,106.92
13/12/2013,105.95
12/12/2013,106.96
11/12/2013,106.81
10/12/2013,106.83
9/12/2013,107.72
6/12/2013,108
5/12/2013,108.22
4/12/2013,108.92
3/12/2013,108.08
2/12/2013,106.74
29/11/2013,107.07
28/11/2013,107.34
27/11/2013,107.14
26/11/2013,107.36
25/11/2013,106.07
22/11/2013,106.73
21/11/2013,105.4
20/11/2013,104.58
19/11/2013,105.02
18/11/2013,105.04
15/11/2013,105.24
14/11/2013,104.67
13/11/2013,103.52
12/11/2013,103.6
11/11/2013,103.39
8/11/2013,102.12
7/11/2013,102.64
6/11/2013,103.82
5/11/2013,103.83
4/11/2013,104.22
1/11/2013,105.53
31/10/2013,106.75
30/10/2013,106.31
29/10/2013,106.36
28/10/2013,105.75
25/10/2013,104.97
24/10/2013,105.57
23/10/2013,106.34
22/10/2013,106.77
21/10/2013,106.76
18/10/2013,106.54
17/10/2013,107.02
16/10/2013,107.19
15/10/2013,107.64
14/10/2013,108
11/10/2013,108.15
10/10/2013,107.69
9/10/2013,106.94
8/10/2013,107.36
7/10/2013,106.45
4/10/2013,106.94
3/10/2013,106.79
2/10/2013,106.08
1/10/2013,105.42
30/9/2013,105.61
27/9/2013,106.47
26/9/2013,106.34
25/9/2013,106.53
24/9/2013,105.8
23/9/2013,106.52
20/9/2013,107.34
19/9/2013,108.4
18/9/2013,107.26
17/9/2013,107.64
16/9/2013,109.04
13/9/2013,109.87
12/9/2013,109.83
11/9/2013,109.4
10/9/2013,109.26
9/9/2013,111.39
6/9/2013,112.1
5/9/2013,111.47
4/9/2013,111.55
3/9/2013,111.2
2/9/2013,110.32
30/8/2013,111.55
29/8/2013,112.8
28/8/2013,112.25
27/8/2013,109.28
26/8/2013,108.36
23/8/2013,108.25
22/8/2013,107.58
21/8/2013,106.95
20/8/2013,107.06
19/8/2013,107.83
16/8/2013,107.8
15/8/2013,107.96
14/8/2013,106.69
13/8/2013,106.75
12/8/2013,105.27
9/8/2013,104.94
8/8/2013,104.47
7/8/2013,104.89
6/8/2013,105.56
5/8/2013,106.43
2/8/2013,106.65
1/8/2013,106.1
31/7/2013,104.97
30/7/2013,104.92
29/7/2013,105.21
26/7/2013,105.1
25/7/2013,105.28
24/7/2013,105.44
23/7/2013,105.95
22/7/2013,106.14
19/7/2013,106.4
18/7/2013,106.11
17/7/2013,105.28
16/7/2013,105.39
15/7/2013,105.31
12/7/2013,104.82
11/7/2013,104.81
10/7/2013,104.69
9/7/2013,104.06
8/7/2013,103.96
5/7/2013,103.2
4/7/2013,102.39
3/7/2013,102.24
2/7/2013,100.63
1/7/2013,100.1
28/6/2013,100.78
27/6/2013,100.37
26/6/2013,99.39
25/6/2013,99.79
24/6/2013,98.33
21/6/2013,99.82
20/6/2013,101.4
19/6/2013,103.78
18/6/2013,103.1
17/6/2013,103.85
14/6/2013,103.33
13/6/2013,101.26
12/6/2013,100.89
11/6/2013,100.72
10/6/2013,101.38
7/6/2013,101.64
6/6/2013,100.93
5/6/2013,101.09
4/6/2013,99.87
3/6/2013,98.88
31/5/2013,98.78
30/5/2013,99.77
29/5/2013,100.54
28/5/2013,101.11
27/5/2013,99.56
24/5/2013,99.15
23/5/2013,99.03
22/5/2013,100.36
21/5/2013,101.39
20/5/2013,101.95
17/5/2013,101.45
16/5/2013,100.85
15/5/2013,99.66
14/5/2013,100.29
13/5/2013,100.47
10/5/2013,101.07
9/5/2013,101.67
8/5/2013,102.11
7/5/2013,102.75
6/5/2013,102.61
3/5/2013,101.47
2/5/2013,98.97
1/5/2013,99.97
30/4/2013,100.65
29/4/2013,100.91
26/4/2013,100.7
25/4/2013,99.89
24/4/2013,98.96
23/4/2013,97.52
22/4/2013,97.75
19/4/2013,97.4
18/4/2013,96.35
17/4/2013,96.71
16/4/2013,97.15
15/4/2013,98.56
12/4/2013,100.63
11/4/2013,102.44
10/4/2013,103.26
9/4/2013,102.72
8/4/2013,102.35
5/4/2013,103.1
4/4/2013,104.21
3/4/2013,106.8
2/4/2013,108.16
1/4/2013,106.97
28/3/2013,107.23
27/3/2013,106.79
26/3/2013,105.86
25/3/2013,105.48
22/3/2013,105.13
21/3/2013,105.69
20/3/2013,105.85
19/3/2013,106.52
18/3/2013,106.36
15/3/2013,106.62
14/3/2013,105.88
13/3/2013,106.05
12/3/2013,106.51
11/3/2013,106.96
8/3/2013,107.06
7/3/2013,107.31
6/3/2013,107.64
5/3/2013,106.99
4/3/2013,106.12
1/3/2013,106.79
28/2/2013,108.62
27/2/2013,109.69
26/2/2013,110.1
25/2/2013,111.2
22/2/2013,110.94
21/2/2013,111.27
20/2/2013,113.28
19/2/2013,113.62
18/2/2013,114.18
15/2/2013,114.23
14/2/2013,114.67
13/2/2013,114.94
12/2/2013,114.3
11/2/2013,114.36
8/2/2013,114.44
7/2/2013,113.67
6/2/2013,113.1
5/2/2013,112.68
4/2/2013,112.99
1/2/2013,112.62
31/1/2013,112.3
30/1/2013,111.43
29/1/2013,110.52
28/1/2013,110.15
25/1/2013,110.2
24/1/2013,109.88
23/1/2013,109.71
22/1/2013,109.48
21/1/2013,109.32
18/1/2013,108.92
17/1/2013,108.01
16/1/2013,107.75
15/1/2013,108.35
14/1/2013,108.06
11/1/2013,108.2
10/1/2013,109.3
9/1/2013,109.01
8/1/2013,108.72
7/1/2013,108.15
4/1/2013,108.68
3/1/2013,109.15
2/1/2013,108.96
31/12/2012,107.76
28/12/2012,107.87
27/12/2012,108.03
26/12/2012,106.92
24/12/2012,105.91
21/12/2012,106.63
20/12/2012,107.2
19/12/2012,107.1
18/12/2012,106.38
17/12/2012,106.07
14/12/2012,105.77
13/12/2012,106.01
12/12/2012,105.83
11/12/2012,104.8
10/12/2012,105.01
7/12/2012,104.75
6/12/2012,105.64
5/12/2012,107.2
4/12/2012,107.66
3/12/2012,108.44
30/11/2012,108.59
29/11/2012,107.46
28/11/2012,106.99
27/11/2012,108.07
26/11/2012,108.48
23/11/2012,108.08
22/11/2012,107.94
21/11/2012,107.88
20/11/2012,108.33
19/11/2012,108.76
16/11/2012,107.04
15/11/2012,107.23
14/11/2012,106.21
13/11/2012,105.97
12/11/2012,106.59
9/11/2012,105.21
8/11/2012,104.58
7/11/2012,106.87
6/11/2012,105.79
5/11/2012,103.42
2/11/2012,105.06
1/11/2012,106.26
31/10/2012,106.16
30/10/2012,106.12
29/10/2012,105.97
26/10/2012,106.37
25/10/2012,105.83
24/10/2012,105.68
23/10/2012,105.94
22/10/2012,107.13
19/10/2012,108.99
18/10/2012,109.77
17/10/2012,110.24
16/10/2012,111.09
15/10/2012,110.7
12/10/2012,111.06
11/10/2012,111.35
10/10/2012,110.94
9/10/2012,109.46
8/10/2012,107.94
5/10/2012,108.77
4/10/2012,106.99
3/10/2012,107.08
2/10/2012,109.32
1/10/2012,109.29
28/9/2012,109.68
27/9/2012,108.21
26/9/2012,106.84
25/9/2012,107.99
24/9/2012,107.47
21/9/2012,108.15
20/9/2012,105.88
19/9/2012,108.43
18/9/2012,110.95
17/9/2012,113.72
14/9/2012,114.87
13/9/2012,113.47
12/9/2012,113.36
11/9/2012,112.68
10/9/2012,112.32
7/9/2012,111.55
6/9/2012,111.75
5/9/2012,111.2
4/9/2012,112.85
3/9/2012,112.11
31/8/2012,111.17
30/8/2012,110.66
29/8/2012,109.9
28/8/2012,110.22
27/8/2012,112.04
24/8/2012,112.12
23/8/2012,113.56
22/8/2012,112.2
21/8/2012,112.28
20/8/2012,111.49
17/8/2012,111.56
16/8/2012,112.11
15/8/2012,110.65
14/8/2012,110.1
13/8/2012,109.67
10/8/2012,109.1
9/8/2012,108.39
8/8/2012,108.36
7/8/2012,107.58
6/8/2012,105.67
3/8/2012,104.46
2/8/2012,103.07
1/8/2012,102.54
31/7/2012,102.22
30/7/2012,102.94
27/7/2012,102.92
26/7/2012,101.47
25/7/2012,100.21
24/7/2012,100.51
23/7/2012,100.07
20/7/2012,103.7
19/7/2012,103.71
18/7/2012,101.73
17/7/2012,101.29
16/7/2012,99.93
13/7/2012,99.1
12/7/2012,97.32
11/7/2012,96.74
10/7/2012,96.33
9/7/2012,96.83
6/7/2012,96.84
5/7/2012,98.34
4/7/2012,97.3
3/7/2012,96.44
2/7/2012,94.07
29/6/2012,92.99
28/6/2012,90.92
27/6/2012,90.91
26/6/2012,90.13
25/6/2012,88.92
22/6/2012,88.74
21/6/2012,89.48
20/6/2012,93.08
19/6/2012,93.73
18/6/2012,95.03
15/6/2012,96.02
14/6/2012,95.22
13/6/2012,95.56
12/6/2012,94.99
11/6/2012,97.34
8/6/2012,95.87
7/6/2012,97.7
6/6/2012,97.89
5/6/2012,96.19
4/6/2012,95.48
1/6/2012,97.44
31/5/2012,101.06
30/5/2012,102.75
29/5/2012,105.13
28/5/2012,105.01
25/5/2012,104.59
24/5/2012,103.49
23/5/2012,104.16
22/5/2012,106.16
21/5/2012,105.93
18/5/2012,105.16
17/5/2012,107.1
16/5/2012,108.14
15/5/2012,108.7
14/5/2012,108.14
11/5/2012,109.24
10/5/2012,110.06
9/5/2012,109.85
8/5/2012,109.58
7/5/2012,110.12
4/5/2012,112.23
3/5/2012,115.31
2/5/2012,116.68
1/5/2012,117.08
30/4/2012,117.2
27/4/2012,117.25
26/4/2012,117.14
25/4/2012,116.05
24/4/2012,115.8
23/4/2012,115.5
20/4/2012,116.46
19/4/2012,116.24
18/4/2012,115.73
17/4/2012,116.27
16/4/2012,116.98
13/4/2012,119.1
12/4/2012,118.72
11/4/2012,117.8
10/4/2012,119.38
9/4/2012,120.4
5/4/2012,121.15
4/4/2012,121.94
3/4/2012,122.95
2/4/2012,121.62
30/3/2012,120.89
29/3/2012,121.61
28/3/2012,122.29
27/3/2012,123.54
26/3/2012,123.53
23/3/2012,122.81
22/3/2012,121.83
21/3/2012,122.95
20/3/2012,123.09
19/3/2012,124.12
16/3/2012,122.96
15/3/2012,123.08
14/3/2012,124.34
13/3/2012,124.64
12/3/2012,123.92
9/3/2012,124.19
8/3/2012,124.17
7/3/2012,121.81
6/3/2012,122.02
5/3/2012,122.39
2/3/2012,123.12
1/3/2012,122.12
29/2/2012,120.79
28/2/2012,122.14
27/2/2012,123.24
24/2/2012,122.86
23/2/2012,121.69
22/2/2012,120.87
21/2/2012,119.19
20/2/2012,119.19
17/2/2012,118.59
16/2/2012,118.13
15/2/2012,117.94
14/2/2012,116.63
13/2/2012,117.19
10/2/2012,116.41
9/2/2012,116.26
8/2/2012,115.18
7/2/2012,114.68
6/2/2012,113.39
3/2/2012,111.26
2/2/2012,110.82
1/2/2012,110.61
31/1/2012,111.21
30/1/2012,111.11
27/1/2012,111.31
26/1/2012,111.26
25/1/2012,110.7
24/1/2012,111.49
23/1/2012,111.78
20/1/2012,111.37
19/1/2012,111.59
18/1/2012,111.78
17/1/2012,112.24
16/1/2012,111.71
13/1/2012,111.75
12/1/2012,112.93
11/1/2012,112.9
10/1/2012,112.98
9/1/2012,112.51
6/1/2012,112.23
5/1/2012,113
4/1/2012,111.73
3/1/2012,109.4
30/12/2011,106.84
29/12/2011,106.75
28/12/2011,107.52
27/12/2011,107.77
23/12/2011,107.65
22/12/2011,107.49
21/12/2011,106.98
20/12/2011,105.05
19/12/2011,102.91
16/12/2011,103.57
15/12/2011,104.6
14/12/2011,106.88
13/12/2011,107.65
12/12/2011,107.33
9/12/2011,107.45
8/12/2011,108.98
7/12/2011,110.05
6/12/2011,109.49
5/12/2011,110.3
2/12/2011,109.61
1/12/2011,109.36
30/11/2011,110.38
29/11/2011,109.74
28/11/2011,108.75
25/11/2011,107.73
24/11/2011,108.1
23/11/2011,108.32
22/11/2011,108.34
21/11/2011,107.74
18/11/2011,109.12
17/11/2011,110.82
16/11/2011,112.26
15/11/2011,112.19
14/11/2011,112.69
11/11/2011,113.01
10/11/2011,111.67
9/11/2011,113.13
8/11/2011,113.79
7/11/2011,111.08
4/11/2011,109.96
3/11/2011,107.95
2/11/2011,108.65
1/11/2011,106.35
31/10/2011,107.12
28/10/2011,109.15
27/10/2011,109.09
26/10/2011,108.83
25/10/2011,109.47
24/10/2011,109.11
21/10/2011,108.31
20/10/2011,107.19
19/10/2011,108.65
18/10/2011,107.94
17/10/2011,110.13
14/10/2011,109.01
13/10/2011,107.05
12/10/2011,107.68
11/10/2011,105.61
10/10/2011,104.67
7/10/2011,103.22
6/10/2011,101.63
5/10/2011,99.9
4/10/2011,98.59
3/10/2011,99.71
30/9/2011,101.57
29/9/2011,103.11
28/9/2011,104.34
27/9/2011,104.53
26/9/2011,101.81
23/9/2011,104.37
22/9/2011,105.11
21/9/2011,108.99
20/9/2011,108.29
19/9/2011,108.68
16/9/2011,110.69
15/9/2011,109.58
14/9/2011,107.91
13/9/2011,108.42
12/9/2011,107.86
9/9/2011,110.4
8/9/2011,112.15
7/9/2011,111.33
6/9/2011,108.32
5/9/2011,108.42
2/9/2011,110.37
1/9/2011,111.21
31/8/2011,111.4
30/8/2011,109.48
29/8/2011,108.36
26/8/2011,107.52
25/8/2011,107.61
24/8/2011,106.53
23/8/2011,105.91
22/8/2011,103.84
19/8/2011,103.36
18/8/2011,105.42
17/8/2011,106.88
16/8/2011,105.42
15/8/2011,104.78
12/8/2011,103.81
11/8/2011,103.29
10/8/2011,101.2
9/8/2011,101.53
8/8/2011,102.37
5/8/2011,103.3
4/8/2011,107.48
3/8/2011,110.55
2/8/2011,111.85
1/8/2011,113.57
29/7/2011,112.18
28/7/2011,113.36
27/7/2011,113.4
26/7/2011,113.65
25/7/2011,113.33
22/7/2011,113.66
21/7/2011,113.2
20/7/2011,113.54
19/7/2011,112.68
18/7/2011,112.31
15/7/2011,112.2
14/7/2011,112.74
13/7/2011,113.25
12/7/2011,111.07
11/7/2011,111.35
8/7/2011,112.68
7/7/2011,110.76
6/7/2011,108.26
5/7/2011,107.12
4/7/2011,106.87
1/7/2011,106.45
30/6/2011,107.5
29/6/2011,106.19
28/6/2011,103.59
27/6/2011,101.55
24/6/2011,102.91
23/6/2011,106.08
22/6/2011,107.96
21/6/2011,107.82
20/6/2011,107.41
17/6/2011,107.51
16/6/2011,109.55
15/6/2011,112.62
14/6/2011,113.59
13/6/2011,113.33
10/6/2011,113.45
9/6/2011,113.43
8/6/2011,111.93
7/6/2011,110.66
6/6/2011,110.09
3/6/2011,110.44
2/6/2011,109.91
1/6/2011,111.44
31/5/2011,111.2
30/5/2011,109.59
27/5/2011,110.27
26/5/2011,109.83
25/5/2011,107.99
24/5/2011,107.3
23/5/2011,105.46
20/5/2011,107.42
19/5/2011,107.88
18/5/2011,107.4
17/5/2011,106.6
16/5/2011,107.79
13/5/2011,108.93
12/5/2011,107.19
11/5/2011,111.35
10/5/2011,111.48
9/5/2011,108.08
6/5/2011,104.4
5/5/2011,112.8
4/5/2011,116.96
3/5/2011,118.75
2/5/2011,119.9
29/4/2011,120.35
28/4/2011,120.91
27/4/2011,119.35
26/4/2011,118.96
25/4/2011,119.38
21/4/2011,119.46
20/4/2011,117.97
19/4/2011,116
18/4/2011,117.37
15/4/2011,117.99
14/4/2011,118.03
13/4/2011,116.84
12/4/2011,117.68
11/4/2011,120.44
8/4/2011,120.15
7/4/2011,117.79
6/4/2011,117.75
5/4/2011,116.73
4/4/2011,115.21
1/4/2011,113.49
31/3/2011,111.42
30/3/2011,110.18
29/3/2011,109.87
28/3/2011,110.37
25/3/2011,110.91
24/3/2011,110.81
23/3/2011,111.09
22/3/2011,110.23
21/3/2011,110.1
18/3/2011,110.54
17/3/2011,108.08
16/3/2011,105.8
15/3/2011,106.56
14/3/2011,107.87
11/3/2011,109.18
10/3/2011,110.71
9/3/2011,109.96
8/3/2011,109.55
7/3/2011,112.03
4/3/2011,111.42
3/3/2011,110.48
2/3/2011,110.83
1/3/2011,108.27
28/2/2011,108.5
25/2/2011,108.31
24/2/2011,111.01
23/2/2011,105.88
22/2/2011,104.01
21/2/2011,100.59
18/2/2011,99.08
17/2/2011,99.77
16/2/2011,98.68
15/2/2011,99
14/2/2011,98.24
11/2/2011,97.37
10/2/2011,97.59
9/2/2011,96.93
8/2/2011,96.12
7/2/2011,96.02
4/2/2011,96.85
3/2/2011,97.71
2/2/2011,97.66
1/2/2011,96.39
31/1/2011,95.53
28/1/2011,94.1
27/1/2011,93.42
26/1/2011,92.58
25/1/2011,91.8
24/1/2011,93.2
21/1/2011,92.9
20/1/2011,92.95
19/1/2011,93.99
18/1/2011,93.8
17/1/2011,93.72
14/1/2011,94.04
13/1/2011,93.96
12/1/2011,94.23
11/1/2011,92.92
10/1/2011,91.33
7/1/2011,90.83
6/1/2011,92.06
5/1/2011,90.91
4/1/2011,91.28
3/1/2011,89.81
31/12/2010,88.99
30/12/2010,89.47
29/12/2010,90.22
28/12/2010,90.08
27/12/2010,90.67
24/12/2010,90.73
23/12/2010,90.16
22/12/2010,90.02
21/12/2010,89.54
20/12/2010,88.59
17/12/2010,88.78
16/12/2010,88.76
15/12/2010,88.22
14/12/2010,88.21
13/12/2010,87.96
10/12/2010,87.65
9/12/2010,87.91
8/12/2010,87.46
7/12/2010,87.87
6/12/2010,88.13
3/12/2010,87.12
2/12/2010,86.13
1/12/2010,84.13
30/11/2010,83.65
29/11/2010,83.45
26/11/2010,82.34
25/11/2010,82.55
24/11/2010,81.16
23/11/2010,80.14
22/11/2010,80.96
19/11/2010,81.41
18/11/2010,81.09
17/11/2010,81.9
16/11/2010,82.35
15/11/2010,83.39
12/11/2010,83.67
11/11/2010,85.81
10/11/2010,85.27
9/11/2010,84.92
8/11/2010,84.62
5/11/2010,84.33
4/11/2010,84.33
3/11/2010,82.56
2/11/2010,81.9
1/11/2010,80.55
29/10/2010,79.42
28/10/2010,79.92
27/10/2010,79.19
26/10/2010,79.75
25/10/2010,80.03
22/10/2010,78.54
21/10/2010,79.26
20/10/2010,78.71
19/10/2010,79.25
18/10/2010,79
15/10/2010,79.86
14/10/2010,80.95
13/10/2010,80.9
12/10/2010,79.64
11/10/2010,80.44
8/10/2010,79.95
7/10/2010,81.07
6/10/2010,81.51
5/10/2010,80.14
4/10/2010,79.95
1/10/2010,79.52
30/9/2010,77.48
29/9/2010,75.74
28/9/2010,74.87
27/9/2010,75.06
24/9/2010,75.01
23/9/2010,74.28
22/9/2010,74.41
21/9/2010,75.34
20/9/2010,75.26
17/9/2010,74.95
16/9/2010,75.49
15/9/2010,75.37
14/9/2010,75.54
13/9/2010,75.06
10/9/2010,74.66
9/9/2010,74.48
8/9/2010,74.04
7/9/2010,73.03
6/9/2010,73.46
3/9/2010,73.05
2/9/2010,72.89
1/9/2010,72.49
31/8/2010,72.39
30/8/2010,73.05
27/8/2010,72.36
26/8/2010,71.4
25/8/2010,70
24/8/2010,69.69
23/8/2010,70.93
20/8/2010,71.78
19/8/2010,73.03
18/8/2010,73.05
17/8/2010,73.25
16/8/2010,72.27
13/8/2010,72.64
12/8/2010,73.73
11/8/2010,75.4
10/8/2010,76.87
9/8/2010,78.28
6/8/2010,78.15
5/8/2010,78.69
4/8/2010,78.88
3/8/2010,78.41
2/8/2010,77.09
30/7/2010,74.43
29/7/2010,74.19
28/7/2010,73.26
27/7/2010,73.95
26/7/2010,74.22
23/7/2010,74.44
22/7/2010,73.47
21/7/2010,73.16
20/7/2010,73.16
19/7/2010,72.94
16/7/2010,72.89
15/7/2010,73.26
14/7/2010,73.93
13/7/2010,72.58
12/7/2010,72
9/7/2010,72.79
8/7/2010,71.86
7/7/2010,69.74
6/7/2010,69.73
5/7/2010,69.05
2/7/2010,69.63
1/7/2010,70.48
30/6/2010,72.49
29/6/2010,72.66
28/6/2010,74.77
25/6/2010,73.8
24/6/2010,72.9
23/6/2010,74.06
22/6/2010,75.09
21/6/2010,75.94
18/6/2010,75.11
17/6/2010,75.21
16/6/2010,74.13
15/6/2010,73.14
14/6/2010,73.32
11/6/2010,72.26
10/6/2010,72.18
9/6/2010,71.05
8/6/2010,70.08
7/6/2010,69.61
4/6/2010,72.06
3/6/2010,72.84
2/6/2010,71.13
1/6/2010,70.96
31/5/2010,71.88
28/5/2010,70.62
27/5/2010,70.48
26/5/2010,68.21
25/5/2010,66.84
24/5/2010,68.59
21/5/2010,68.47
20/5/2010,69.64
19/5/2010,70.57
18/5/2010,72.77
17/5/2010,73.25
14/5/2010,75.95
13/5/2010,78.43
12/5/2010,78.29
11/5/2010,77.53
10/5/2010,78.08
7/5/2010,76.41
6/5/2010,78.52
5/5/2010,81.12
4/5/2010,84.16
3/5/2010,84.36
30/4/2010,84.13
29/4/2010,83.59
28/4/2010,82.13
27/4/2010,83.03
26/4/2010,83.91
23/4/2010,83.01
22/4/2010,82.36
21/4/2010,82.01
20/4/2010,81.83
19/4/2010,80.89
16/4/2010,82.86
15/4/2010,83.28
14/4/2010,82.63
13/4/2010,81.52
12/4/2010,82.2
9/4/2010,81.97
8/4/2010,81.6
7/4/2010,82.36
6/4/2010,82.55
5/4/2010,81.27
1/4/2010,79.89
31/3/2010,78.7
30/3/2010,78.21
29/3/2010,77.77
26/3/2010,76.8
25/3/2010,77.03
24/3/2010,76.9
23/3/2010,77.54
22/3/2010,76.75
19/3/2010,77.18
18/3/2010,77.9
17/3/2010,78.25
16/3/2010,76.62
15/3/2010,76.24
12/3/2010,77.74
11/3/2010,77.76
10/3/2010,77.8
9/3/2010,77.38
8/3/2010,77.86
5/3/2010,77.27
4/3/2010,76.42
3/3/2010,76.52
2/3/2010,75.51
1/3/2010,75.75
26/2/2010,74.6
25/2/2010,74.66
24/2/2010,75.46
23/2/2010,75.75
22/2/2010,76.14
19/2/2010,75.17
18/2/2010,74.49
17/2/2010,74.33
16/2/2010,73.06
15/2/2010,71.72
12/2/2010,71.55
11/2/2010,71.81
10/2/2010,70.78
9/2/2010,69.76
8/2/2010,68.86
5/2/2010,69.71
4/2/2010,72.73
3/2/2010,75.14
2/2/2010,73.05
1/2/2010,71.02
29/1/2010,71.01
28/1/2010,71.4
27/1/2010,71.87
26/1/2010,71.94
25/1/2010,71.97
22/1/2010,73.02
21/1/2010,74.54
20/1/2010,75.3
19/1/2010,75.53
18/1/2010,75.75
15/1/2010,76.57
14/1/2010,77.59
13/1/2010,77.15
12/1/2010,79.08
11/1/2010,80.29
8/1/2010,79.94
7/1/2010,80.19
6/1/2010,79.7
5/1/2010,79.14
4/1/2010,78.23
31/12/2009,77.16
30/12/2009,76.77
29/12/2009,76.19
28/12/2009,74.83
24/12/2009,74.33
23/12/2009,72.71
22/12/2009,71.32
21/12/2009,71.88
18/12/2009,71.78
17/12/2009,71.77
16/12/2009,72.17
15/12/2009,70.84
14/12/2009,70.64
11/12/2009,70.85
10/12/2009,71.43
9/12/2009,73.7
8/12/2009,74.8
7/12/2009,75.76
4/12/2009,76.81
3/12/2009,77.32
2/12/2009,77.31
1/12/2009,77.88
30/11/2009,76.21
27/11/2009,75.38
26/11/2009,75.96
25/11/2009,75.67
24/11/2009,75.22
23/11/2009,76.72
20/11/2009,75.77
19/11/2009,76.77
18/11/2009,77.86
17/11/2009,76.96
16/11/2009,76.48
13/11/2009,75.25
12/11/2009,76.06
11/11/2009,76.88
10/11/2009,76.5
9/11/2009,76.56
6/11/2009,76.25
5/11/2009,77.45
4/11/2009,77.6
3/11/2009,75.53
2/11/2009,74.95
30/10/2009,75.56
29/10/2009,75.94
28/10/2009,75.53
27/10/2009,76.43
26/10/2009,76.7
23/10/2009,77.59
22/10/2009,77.61
21/10/2009,76.37
20/10/2009,75.82
19/10/2009,75.82
16/10/2009,74.89
15/10/2009,73.2
14/10/2009,71.96
13/10/2009,70.94
12/10/2009,70.06
9/10/2009,68.86
8/10/2009,67.84
7/10/2009,67.76
6/10/2009,68.14
5/10/2009,66.81
2/10/2009,67.17
1/10/2009,67.72
30/9/2009,65.55
29/9/2009,64.25
28/9/2009,64.07
25/9/2009,64
24/9/2009,65.12
23/9/2009,67.87
22/9/2009,68.59
21/9/2009,68.42
18/9/2009,69.62
17/9/2009,70.27
16/9/2009,68.69
15/9/2009,66.95
14/9/2009,66.47
11/9/2009,68.21
10/9/2009,69.23
9/9/2009,68.97
8/9/2009,67.83
7/9/2009,66.2
4/9/2009,66.03
3/9/2009,66.65
2/9/2009,66.64
1/9/2009,68.11
31/8/2009,70.37
28/8/2009,71.72
27/8/2009,70.36
26/8/2009,70.44
25/8/2009,71.71
24/8/2009,72.89
21/8/2009,72.27
20/8/2009,72.57
19/8/2009,71.13
18/8/2009,69.47
17/8/2009,68.04
14/8/2009,71.14
13/8/2009,72.22
12/8/2009,71.04
11/8/2009,71.06
10/8/2009,71.68
7/8/2009,71.96
6/8/2009,72.92
5/8/2009,72.45
4/8/2009,71.53
3/8/2009,71.34
31/7/2009,68.59
30/7/2009,66.42
29/7/2009,65.81
28/7/2009,68.45
27/7/2009,69.01
24/7/2009,67.8
23/7/2009,66.46
22/7/2009,64.68
21/7/2009,65.04
20/7/2009,64.64
17/7/2009,63.23
16/7/2009,62.54
15/7/2009,61.73
14/7/2009,60.87
13/7/2009,59.66
10/7/2009,59.86
9/7/2009,60.58
8/7/2009,61.11
7/7/2009,62.97
6/7/2009,63.66
3/7/2009,66.12
2/7/2009,67.04
1/7/2009,69.26
30/6/2009,69.56
29/6/2009,69.16
26/6/2009,69.02
25/6/2009,68.27
24/6/2009,67.74
23/6/2009,66.34
22/6/2009,67.13
19/6/2009,70
18/6/2009,70.01
17/6/2009,69.1
16/6/2009,69.41
15/6/2009,68.98
12/6/2009,70.18
11/6/2009,70.6
10/6/2009,69.92
9/6/2009,68.42
8/6/2009,66.75
5/6/2009,67.81
4/6/2009,66.74
3/6/2009,66.14
2/6/2009,66.6
1/6/2009,66.08
29/5/2009,63.71
28/5/2009,61.77
27/5/2009,60.75
26/5/2009,58.71
25/5/2009,58.55
22/5/2009,58.75
21/5/2009,58.32
20/5/2009,58.47
19/5/2009,57.52
18/5/2009,55.86
15/5/2009,56.37
14/5/2009,55.99
13/5/2009,57.16
12/5/2009,56.76
11/5/2009,56.11
8/5/2009,56.35
7/5/2009,56.05
6/5/2009,54.09
5/5/2009,52.71
4/5/2009,52.11
1/5/2009,50.41
30/4/2009,50.36
29/4/2009,49.98
28/4/2009,48.7
27/4/2009,49.21
24/4/2009,49.97
23/4/2009,48.6
22/4/2009,48.51
21/4/2009,48.49
20/4/2009,49.59
17/4/2009,51.45
16/4/2009,51.55
15/4/2009,51.17
14/4/2009,51.07
13/4/2009,51.92
9/4/2009,52.26
8/4/2009,50.25
7/4/2009,50.96
6/4/2009,51.9
3/4/2009,51.2
2/4/2009,49.97
1/4/2009,47.15
31/3/2009,46.65
30/3/2009,47.72
27/3/2009,50.41
26/3/2009,50.77
25/3/2009,50.14
24/3/2009,50.44
23/3/2009,50.18
20/3/2009,48.77
19/3/2009,47.39
18/3/2009,45.64
17/3/2009,44.71
16/3/2009,43.05
13/3/2009,44.15
12/3/2009,42.24
11/3/2009,42.38
10/3/2009,43.47
9/3/2009,44.04
6/3/2009,43.15
5/3/2009,43.64
4/3/2009,43.83
3/3/2009,41.79
2/3/2009,42.61
27/2/2009,43.23
26/2/2009,43.21
25/2/2009,40.71
24/2/2009,39.03
23/2/2009,39.47
20/2/2009,39.19
19/2/2009,38.98
18/2/2009,38.1
17/2/2009,39.8
16/2/2009,41.48
13/2/2009,42.31
12/2/2009,41.81
11/2/2009,42.29
10/2/2009,43.45
9/2/2009,43.9
6/2/2009,43.29
5/2/2009,42.15
4/2/2009,41.63
3/2/2009,41.57
2/2/2009,42.58
30/1/2009,42.02
29/1/2009,41.19
28/1/2009,40.81
27/1/2009,40.48
26/1/2009,42.54
23/1/2009,41.03
22/1/2009,40.28
21/1/2009,39.55
20/1/2009,39.29
19/1/2009,40.33
16/1/2009,42.23
15/1/2009,40.9
14/1/2009,41.32
13/1/2009,40.13
12/1/2009,40.15
9/1/2009,41.9
8/1/2009,42.06
7/1/2009,45.43
6/1/2009,46.32
5/1/2009,43.98
2/1/2009,40.44
31/12/2008,35.58
30/12/2008,34.95
29/12/2008,34.69
24/12/2008,33.36
23/12/2008,34.49
22/12/2008,36.92
19/12/2008,37.72
18/12/2008,39.48
17/12/2008,40.95
16/12/2008,40.74
15/12/2008,42.53
12/12/2008,41.32
11/12/2008,40.12
10/12/2008,37.94
9/12/2008,38.19
8/12/2008,37.73
5/12/2008,36.67
4/12/2008,39.56
3/12/2008,40.75
2/12/2008,41.6
1/12/2008,45.26
28/11/2008,47.22
27/11/2008,47.47
26/11/2008,45.47
25/11/2008,45.53
24/11/2008,44.48
21/11/2008,42.56
20/11/2008,44.06
19/11/2008,45.89
18/11/2008,46.55
17/11/2008,47.96
14/11/2008,49.09
13/11/2008,47.73
12/11/2008,49.94
11/11/2008,52.24
10/11/2008,54.77
7/11/2008,53.49
6/11/2008,54.89
5/11/2008,58.97
4/11/2008,57.77
3/11/2008,59.03
31/10/2008,57.43
30/10/2008,59.92
29/10/2008,58.13
28/10/2008,55.9
27/10/2008,56.8
24/10/2008,57.57
23/10/2008,60.27
22/10/2008,60.82
21/10/2008,64.35
20/10/2008,64.63
17/10/2008,62.92
16/10/2008,62.77
15/10/2008,68.28
14/10/2008,73.49
13/10/2008,71.96
10/10/2008,72.67
9/10/2008,78.24
8/10/2008,77.37
7/10/2008,80.04
6/10/2008,81.56
3/10/2008,86.36
2/10/2008,89.27
1/10/2008,89.99
30/9/2008,90.32
29/9/2008,94.09
26/9/2008,97.9
25/9/2008,97.68
24/9/2008,98.88
23/9/2008,99
22/9/2008,97.95
19/9/2008,91.83
18/9/2008,89.38
17/9/2008,87.25
16/9/2008,86.27
15/9/2008,91.26
12/9/2008,95.21
11/9/2008,95.29
10/9/2008,96.79
9/9/2008,98.49
8/9/2008,101.08
5/9/2008,101.21
4/9/2008,103.64
3/9/2008,103.68
2/9/2008,103.4
1/9/2008,110.01
29/8/2008,111.23
28/8/2008,111.85
27/8/2008,111.79
26/8/2008,110.51
25/8/2008,110.61
22/8/2008,114.63
21/8/2008,114.07
20/8/2008,109.77
19/8/2008,108.26
18/8/2008,108.68
15/8/2008,107.88
14/8/2008,110.88
13/8/2008,109.56
12/8/2008,109.08
11/8/2008,111.27
8/8/2008,112.73
7/8/2008,115.08
6/8/2008,114.64
5/8/2008,116.22
4/8/2008,120.8
1/8/2008,121.08
31/7/2008,122.48
30/7/2008,120.88
29/7/2008,121.73
28/7/2008,123.19
25/7/2008,122.63
24/7/2008,122.42
23/7/2008,123.89
22/7/2008,127.43
21/7/2008,127.72
18/7/2008,127.93
17/7/2008,131.03
16/7/2008,133.09
15/7/2008,138
14/7/2008,139.81
11/7/2008,139.85
10/7/2008,133.68
9/7/2008,133.16
8/7/2008,135.21
7/7/2008,138.44
4/7/2008,140.13
3/7/2008,140.73
2/7/2008,137.73
1/7/2008,136.94
30/6/2008,136.03
27/6/2008,135.31
26/6/2008,130.77
25/6/2008,129.87
24/6/2008,131.34
23/6/2008,130.7
20/6/2008,128.56
19/6/2008,129.44
18/6/2008,128.44
17/6/2008,128.97
16/6/2008,129.77
13/6/2008,130.51
12/6/2008,129.75
11/6/2008,128.88
10/6/2008,128.64
9/6/2008,130.86
6/6/2008,126.09
5/6/2008,118.75
4/6/2008,118.55
3/6/2008,121.68
2/6/2008,122.09
30/5/2008,121.68
29/5/2008,124.27
28/5/2008,123.05
27/5/2008,125.91
26/5/2008,126.57
23/5/2008,126.37
22/5/2008,127.59
21/5/2008,124.45
20/5/2008,121.02
19/5/2008,119.24
16/5/2008,119.27
15/5/2008,118.95
14/5/2008,118.78
13/5/2008,118.73
12/5/2008,119.65
9/5/2008,119.07
8/5/2008,116.87
7/5/2008,115.97
6/5/2008,114.69
5/5/2008,111.55
2/5/2008,106.93
1/5/2008,105.93
30/4/2008,107.33
29/4/2008,109.86
28/4/2008,111.66
25/4/2008,110.01
24/4/2008,110.63
23/4/2008,111.14
22/4/2008,109.92
21/4/2008,108.93
18/4/2008,107.75
17/4/2008,107.63
16/4/2008,106.65
15/4/2008,105.73
14/4/2008,104.02
11/4/2008,103.67
10/4/2008,103.74
9/4/2008,102.38
8/4/2008,101.89
7/4/2008,101.16
4/4/2008,98.63
3/4/2008,98.63
2/4/2008,96.48
1/4/2008,95.75
31/3/2008,98.63
28/3/2008,99.77
27/3/2008,100.36
26/3/2008,98.42
25/3/2008,96.49
24/3/2008,96.15
20/3/2008,96.1
19/3/2008,99.97
18/3/2008,100.1
17/3/2008,101.41
14/3/2008,102.88
13/3/2008,102.39
12/3/2008,101.38
11/3/2008,100.57
10/3/2008,99.48
7/3/2008,99
6/3/2008,98.34
5/3/2008,95.86
4/3/2008,96.13
3/3/2008,97.12
29/2/2008,96.35
28/2/2008,94.87
27/2/2008,95.03
26/2/2008,93.96
25/2/2008,93.49
22/2/2008,92.48
21/2/2008,93.81
20/2/2008,94.09
19/2/2008,92.52
18/2/2008,91.21
15/2/2008,91.55
14/2/2008,90.63
13/2/2008,89.48
12/2/2008,89.63
11/2/2008,89.01
8/2/2008,86.1
7/2/2008,84.63
6/2/2008,84.66
5/2/2008,86.01
4/2/2008,86.51
1/2/2008,87.5
31/1/2008,87.92
30/1/2008,88.59
29/1/2008,88.2
28/1/2008,87.01
25/1/2008,86.87
24/1/2008,84.42
23/1/2008,84.48
22/1/2008,83.7
21/1/2008,85.06
18/1/2008,85.91
17/1/2008,86.14
16/1/2008,86.28
15/1/2008,88.33
14/1/2008,88.51
11/1/2008,88.36
10/1/2008,89.71
9/1/2008,91.98
8/1/2008,91.67
7/1/2008,91.72
4/1/2008,93.38
3/1/2008,93.67
2/1/2008,91.82
31/12/2007,90.7
28/12/2007,90.84
27/12/2007,90.29
26/12/2007,89.44
24/12/2007,87.86
21/12/2007,87.73
20/12/2007,87.36
19/12/2007,87.24
18/12/2007,87.1
17/12/2007,87.13
14/12/2007,87.81
13/12/2007,88.46
12/12/2007,86.61
11/12/2007,84.51
10/12/2007,84.02
7/12/2007,85.07
6/12/2007,84.34
5/12/2007,85.3
4/12/2007,85.14
3/12/2007,84.13
30/11/2007,85.72
29/11/2007,87.59
28/11/2007,87.88
27/11/2007,90.08
26/11/2007,91.68
23/11/2007,91.37
22/11/2007,91.22
21/11/2007,91.77
20/11/2007,89.93
19/11/2007,88.57
16/11/2007,87.41
15/11/2007,86.87
14/11/2007,86.45
13/11/2007,86.68
12/11/2007,88.65
9/11/2007,89.58
8/11/2007,90.56
7/11/2007,90.57
6/11/2007,89.02
5/11/2007,88
2/11/2007,87.47
1/11/2007,87.47
31/10/2007,84.76
30/10/2007,85.52
29/10/2007,85.94
26/10/2007,84.82
25/10/2007,82.67
24/10/2007,80.49
23/10/2007,80.03
22/10/2007,80.15
19/10/2007,81.49
18/10/2007,81.18
17/10/2007,81.13
16/10/2007,80.87
15/10/2007,78.76
12/10/2007,77.62
11/10/2007,77.01
10/10/2007,75.36
9/10/2007,74.47
8/10/2007,75.37
5/10/2007,76.23
4/10/2007,74.83
3/10/2007,74.96
2/10/2007,74.66
1/10/2007,75.97
28/9/2007,77.43
27/9/2007,76.02
26/9/2007,75.11
25/9/2007,75.8
24/9/2007,76.48
21/9/2007,76.72
20/9/2007,75.78
19/9/2007,75.61
18/9/2007,74.92
17/9/2007,74.06
14/9/2007,74.48
13/9/2007,74.64
12/9/2007,74.21
11/9/2007,73.13
10/9/2007,72.27
7/9/2007,72.01
6/9/2007,72.1
5/9/2007,71.46
4/9/2007,70.88
3/9/2007,70.42
31/8/2007,69.7
30/8/2007,69.18
29/8/2007,68.41
28/8/2007,68.25
27/8/2007,67.76
24/8/2007,67.61
23/8/2007,67.07
22/8/2007,66.6
21/8/2007,67.1
20/8/2007,67.69
17/8/2007,67.83
16/8/2007,67.63
15/8/2007,68.68
14/8/2007,67.75
13/8/2007,68.36
10/8/2007,67.56
9/8/2007,68.29
8/8/2007,68.59
7/8/2007,68.34
6/8/2007,70.3
3/8/2007,72.12
2/8/2007,72.3
1/8/2007,73.17
31/7/2007,72.56
30/7/2007,72.35
27/7/2007,72.36
26/7/2007,73.01
25/7/2007,71.65
24/7/2007,72.02
23/7/2007,73.13
20/7/2007,73.8
19/7/2007,73.36
18/7/2007,72.2
17/7/2007,72.05
16/7/2007,72.97
13/7/2007,72.67
12/7/2007,72.15
11/7/2007,72.05
10/7/2007,71.78
9/7/2007,71.55
6/7/2007,71.33
5/7/2007,70.38
4/7/2007,69.89
3/7/2007,69.65
2/7/2007,68.73
29/6/2007,68.02
28/6/2007,67.72
27/6/2007,67.41
26/6/2007,67.53
25/6/2007,67.38
22/6/2007,67.5
21/6/2007,67.7
20/6/2007,67.7
19/6/2007,68.33
18/6/2007,68.02
15/6/2007,67.5
14/6/2007,66.87
13/6/2007,65.67
12/6/2007,65.46
11/6/2007,65.14
8/6/2007,66.23
7/6/2007,67.18
6/6/2007,66.58
5/6/2007,66.34
4/6/2007,65.81
1/6/2007,64.6
31/5/2007,64.45
30/5/2007,64.3
29/5/2007,65.49
28/5/2007,66.2
25/5/2007,66.57
24/5/2007,66.93
23/5/2007,66.36
22/5/2007,66.62
21/5/2007,66.24
18/5/2007,66.01
17/5/2007,65.29
16/5/2007,64.55
15/5/2007,63.79
14/5/2007,63.79
11/5/2007,63.15
10/5/2007,62.36
9/5/2007,62.19
8/5/2007,62.1
7/5/2007,61.93
4/5/2007,63.1
3/5/2007,63.19
2/5/2007,63.69
1/5/2007,64.81
30/4/2007,64.26
27/4/2007,64.03
26/4/2007,64.2
25/4/2007,63.69
24/4/2007,63.94
23/4/2007,63.1
20/4/2007,62.23
19/4/2007,61.98
18/4/2007,61.96
17/4/2007,63.14
16/4/2007,64.05
13/4/2007,64.88
12/4/2007,63.83
11/4/2007,63.54
10/4/2007,62.82
9/4/2007,63.74
5/4/2007,64.16
4/4/2007,63.48
3/4/2007,63.87
2/4/2007,64.06
30/3/2007,63.79
29/3/2007,62.52
28/3/2007,61.88
27/3/2007,60.49
26/3/2007,60.16
23/3/2007,59.05
22/3/2007,57.91
21/3/2007,56.87
20/3/2007,56.59
19/3/2007,56.74
16/3/2007,56.86
15/3/2007,57.28
14/3/2007,57.23
13/3/2007,57.38
12/3/2007,57.37
9/3/2007,58.29
8/3/2007,58.73
7/3/2007,58.2
6/3/2007,57.21
5/3/2007,57.32
2/3/2007,58.65
1/3/2007,58.47
28/2/2007,56.69
27/2/2007,57.24
26/2/2007,57.07
23/2/2007,56.55
22/2/2007,55.14
21/2/2007,54
20/2/2007,53.42
19/2/2007,53.87
16/2/2007,53.69
15/2/2007,52.88
14/2/2007,53.76
13/2/2007,53.38
12/2/2007,53.99
9/2/2007,55.08
8/2/2007,53.6
7/2/2007,54.4
6/2/2007,54.68
5/2/2007,54.66
2/2/2007,53.64
1/2/2007,53.49
31/1/2007,52.62
30/1/2007,50.82
29/1/2007,51.28
26/1/2007,51.04
25/1/2007,51.27
24/1/2007,50.92
23/1/2007,49.6
22/1/2007,49.72
19/1/2007,48.3
18/1/2007,48.24
17/1/2007,47.97
16/1/2007,48.58
15/1/2007,49.36
12/1/2007,48.68
11/1/2007,49.22
10/1/2007,50.6
9/1/2007,51.2
8/1/2007,51.88
5/1/2007,51.3
4/1/2007,53.26
3/1/2007,55.42
2/1/2007,56.16
29/12/2006,55.97
28/12/2006,56.12
27/12/2006,56.43
26/12/2006,57.45
22/12/2006,57.98
21/12/2006,58.05
20/12/2006,58.2
19/12/2006,57.44
18/12/2006,58.4
15/12/2006,58.39
14/12/2006,57.43
13/12/2006,57
12/12/2006,57.41
11/12/2006,57.74
8/12/2006,58.63
7/12/2006,58.66
6/12/2006,59.1
5/12/2006,59.19
4/12/2006,59.7
1/12/2006,59.66
30/11/2006,58.71
29/11/2006,57.32
28/11/2006,56.48
27/11/2006,55.76
24/11/2006,55.29
23/11/2006,54.98
22/11/2006,55.26
21/11/2006,54.9
20/11/2006,54.03
17/11/2006,53.9
16/11/2006,55.44
15/11/2006,55.33
14/11/2006,55.19
13/11/2006,55.42
10/11/2006,56.57
9/11/2006,56.41
8/11/2006,55.18
7/11/2006,55.64
6/11/2006,54.91
3/11/2006,54.07
2/11/2006,54.25
1/11/2006,54.25
31/10/2006,53.37
30/10/2006,54.87
27/10/2006,55.53
26/10/2006,56.12
25/10/2006,54.96
24/10/2006,53.78
23/10/2006,53.44
20/10/2006,55.07
19/10/2006,54.56
18/10/2006,55.27
17/10/2006,56.17
16/10/2006,55.34
13/10/2006,54.9
12/10/2006,54.19
11/10/2006,54.16
10/10/2006,55.31
9/10/2006,55.7
6/10/2006,55.05
5/10/2006,55.27
4/10/2006,54.1
3/10/2006,54.99
2/10/2006,57.19
29/9/2006,57.38
28/9/2006,57.57
27/9/2006,55.92
26/9/2006,55.86
25/9/2006,54.92
22/9/2006,56.15
21/9/2006,55.92
20/9/2006,56.23
19/9/2006,58.85
18/9/2006,58.67
15/9/2006,58.45
14/9/2006,59.22
13/9/2006,58.95
12/9/2006,60.37
11/9/2006,60.7
8/9/2006,62.04
7/9/2006,62.74
6/9/2006,63.27
5/9/2006,63.54
4/9/2006,64.13
1/9/2006,65.35
31/8/2006,65.18
30/8/2006,65
29/8/2006,65.4
28/8/2006,66.03
25/8/2006,68.1
24/8/2006,67
23/8/2006,67.34
22/8/2006,67.99
21/8/2006,67.92
18/8/2006,67.02
17/8/2006,66.85
16/8/2006,68.24
15/8/2006,69.01
14/8/2006,69.54
11/8/2006,70.34
10/8/2006,70.94
9/8/2006,72.54
8/8/2006,72.68
7/8/2006,72.12
4/8/2006,71.08
3/8/2006,71.08
2/8/2006,71.2
1/8/2006,69.97
31/7/2006,68.42
28/7/2006,68.97
27/7/2006,69.07
26/7/2006,68.25
25/7/2006,68.71
24/7/2006,67.99
21/7/2006,68.44
20/7/2006,68.45
19/7/2006,68.46
18/7/2006,70.29
17/7/2006,71.4
14/7/2006,71.71
13/7/2006,70.27
12/7/2006,68.66
11/7/2006,68.1
10/7/2006,67.9
7/7/2006,68.77
6/7/2006,68.74
5/7/2006,67.92
4/7/2006,67.85
3/7/2006,68.28
30/6/2006,67.29
29/6/2006,66.6
28/6/2006,65.89
27/6/2006,65.79
26/6/2006,64.59
23/6/2006,64.4
22/6/2006,64.36
21/6/2006,62.87
20/6/2006,62.95
19/6/2006,62.64
16/6/2006,63.02
15/6/2006,63.1
14/6/2006,62.66
13/6/2006,63.2
12/6/2006,65.41
9/6/2006,64.85
8/6/2006,63.84
7/6/2006,65.43
6/6/2006,65.93
5/6/2006,66.48
2/6/2006,65.01
1/6/2006,64.84
31/5/2006,64.88
30/5/2006,65.41
29/5/2006,65.12
26/5/2006,65.1
25/5/2006,63.91
24/5/2006,64.48
23/5/2006,64.45
22/5/2006,62.51
19/5/2006,63.42
18/5/2006,62.95
17/5/2006,63.75
16/5/2006,63.83
15/5/2006,64.67
12/5/2006,67.02
11/5/2006,67.27
10/5/2006,65.6
9/5/2006,65.05
8/5/2006,64.51
5/5/2006,64.98
4/5/2006,66.07
3/5/2006,68.05
2/5/2006,68.37
1/5/2006,66.2
28/4/2006,65.48
27/4/2006,65.63
26/4/2006,66.94
25/4/2006,66.21
24/4/2006,67.37
21/4/2006,66.84
20/4/2006,67
19/4/2006,66.36
18/4/2006,65.8
17/4/2006,65.02
13/4/2006,63.82
12/4/2006,63.84
11/4/2006,63.61
10/4/2006,62.61
7/4/2006,61.8
6/4/2006,62.13
5/4/2006,61.08
4/4/2006,61.01
3/4/2006,61.82
31/3/2006,61.17
30/3/2006,60.64
29/3/2006,59.95
28/3/2006,59.05
27/3/2006,58.02
24/3/2006,58.05
23/3/2006,57.14
22/3/2006,56.78
21/3/2006,56.14
20/3/2006,57.32
17/3/2006,58.47
16/3/2006,57.45
15/3/2006,58.3
14/3/2006,57.69
13/3/2006,56.41
10/3/2006,56.18
9/3/2006,55.73
8/3/2006,56.04
7/3/2006,57.47
6/3/2006,58.64
3/3/2006,59.17
2/3/2006,58.1
1/3/2006,57.13
28/2/2006,56.01
27/2/2006,56.38
24/2/2006,56.43
23/2/2006,55.18
22/2/2006,55.72
21/2/2006,56.07
20/2/2006,55.78
17/2/2006,54.58
16/2/2006,53.62
15/2/2006,54.35
14/2/2006,55.3
13/2/2006,55.85
10/2/2006,56.63
9/2/2006,57.17
8/2/2006,57.19
7/2/2006,58.17
6/2/2006,59.34
3/2/2006,58.33
2/2/2006,59.49
1/2/2006,60.77
31/1/2006,60.4
30/1/2006,60.42
27/1/2006,60.22
26/1/2006,59.3
25/1/2006,59.33
24/1/2006,60.51
23/1/2006,60.9
20/1/2006,60.63
19/1/2006,59.26
18/1/2006,59.42
17/1/2006,58.58
16/1/2006,57.76
13/1/2006,57.16
12/1/2006,57.63
11/1/2006,56.87
10/1/2006,57.11
9/1/2006,57.29
6/1/2006,56.78
5/1/2006,56.61
4/1/2006,56.38
3/1/2006,55.6
30/12/2005,53.47
29/12/2005,52.9
28/12/2005,51.73
27/12/2005,51.14
23/12/2005,51.53
22/12/2005,51.98
21/12/2005,51.43
20/12/2005,51.37
19/12/2005,51.62
16/12/2005,53.25
15/12/2005,54.44
14/12/2005,54.62
13/12/2005,54.44
12/12/2005,53.5
9/12/2005,53.95
8/12/2005,52.94
7/12/2005,52.88
6/12/2005,52.85
5/12/2005,52.72
2/12/2005,51.87
1/12/2005,50.71
30/11/2005,49.69
29/11/2005,49.78
28/11/2005,50.04
25/11/2005,50.42
24/11/2005,50.89
23/11/2005,51.05
22/11/2005,50.7
21/11/2005,50.15
18/11/2005,49.49
17/11/2005,50.11
16/11/2005,49.73
15/11/2005,50.01
14/11/2005,50.43
11/11/2005,50.25
10/11/2005,51.3
9/11/2005,52.2
8/11/2005,52.31
7/11/2005,52.86
4/11/2005,54.25
3/11/2005,53.45
2/11/2005,52.88
1/11/2005,52.91
31/10/2005,52.99
28/10/2005,53.73
27/10/2005,53.79
26/10/2005,54.41
25/10/2005,53.29
24/10/2005,52.63
21/10/2005,52.47
20/10/2005,52.85
19/10/2005,53.64
18/10/2005,54.41
17/10/2005,55.24
14/10/2005,54.34
13/10/2005,55.23
12/10/2005,55.37
11/10/2005,54.47
10/10/2005,53.97
7/10/2005,53.72
6/10/2005,54.27
5/10/2005,55.86
4/10/2005,56.48
3/10/2005,58.11
30/9/2005,58.02
29/9/2005,58.17
28/9/2005,57.65
27/9/2005,57.71
26/9/2005,56.91
23/9/2005,57.71
22/9/2005,59.28
21/9/2005,58.9
20/9/2005,58.3
19/9/2005,57.56
16/9/2005,56.62
15/9/2005,57.53
14/9/2005,56.28
13/9/2005,55.82
12/9/2005,56.73
9/9/2005,57.58
8/9/2005,57.48
7/9/2005,58.43
6/9/2005,59.05
5/9/2005,59.22
2/9/2005,60.73
1/9/2005,61.37
31/8/2005,61.1
30/8/2005,60.36
29/8/2005,60.33
26/8/2005,59.76
25/8/2005,59.75
24/8/2005,58.9
23/8/2005,58.15
22/8/2005,58.1
19/8/2005,57.53
18/8/2005,56.51
17/8/2005,57.71
16/8/2005,58.89
15/8/2005,59.05
12/8/2005,59.14
11/8/2005,58.28
10/8/2005,57.3
9/8/2005,56.45
8/8/2005,56.57
5/8/2005,55.29
4/8/2005,55.07
3/8/2005,55.43
2/8/2005,55.13
1/8/2005,55.12
29/7/2005,54.2
28/7/2005,53.13
27/7/2005,52.86
26/7/2005,52.69
25/7/2005,52.07
22/7/2005,51.81
21/7/2005,51.23
20/7/2005,52.15
19/7/2005,51.9
18/7/2005,52.38
15/7/2005,52.44
14/7/2005,53.37
13/7/2005,54.53
12/7/2005,54.31
11/7/2005,53.31
8/7/2005,54.94
7/7/2005,54.82
6/7/2005,54.8
5/7/2005,53.9
4/7/2005,53.41
1/7/2005,52.58
30/6/2005,52.01
29/6/2005,52.5
28/6/2005,53.82
27/6/2005,54.26
24/6/2005,53.36
23/6/2005,52.69
22/6/2005,52.34
21/6/2005,52.88
20/6/2005,52.78
17/6/2005,51.58
16/6/2005,50.18
15/6/2005,52.26
14/6/2005,52.05
13/6/2005,50.83
10/6/2005,50.74
9/6/2005,50.55
8/6/2005,50.21
7/6/2005,50.74
6/6/2005,51.18
3/6/2005,50.72
2/6/2005,50.23
1/6/2005,49.3
31/5/2005,47.6
30/5/2005,47.62
27/5/2005,47.45
26/5/2005,47.17
25/5/2005,46.41
24/5/2005,45.7
23/5/2005,45.5
20/5/2005,45.27
19/5/2005,44.65
18/5/2005,45.11
17/5/2005,45.6
16/5/2005,45.47
13/5/2005,45.54
12/5/2005,45.87
11/5/2005,47.39
10/5/2005,48.16
9/5/2005,47.82
6/5/2005,47.92
5/5/2005,47.63
4/5/2005,47.33
3/5/2005,47.4
2/5/2005,47.79
29/4/2005,47.9
28/4/2005,48.03
27/4/2005,48.88
26/4/2005,49.9
25/4/2005,50.17
22/4/2005,50.61
21/4/2005,49.25
20/4/2005,49.02
19/4/2005,47.71
18/4/2005,46.52
15/4/2005,47.08
14/4/2005,47.5
13/4/2005,47.84
12/4/2005,49.43
11/4/2005,49.14
8/4/2005,49.94
7/4/2005,51.85
6/4/2005,52.1
5/4/2005,52.27
4/4/2005,52.93
1/4/2005,51.65
31/3/2005,50.23
30/3/2005,48.8
29/3/2005,49.04
28/3/2005,49.26
24/3/2005,50.12
23/3/2005,49.09
22/3/2005,51.03
21/3/2005,51.76
18/3/2005,51.67
17/3/2005,51.76
16/3/2005,50.78
15/3/2005,50.21
14/3/2005,49.59
11/3/2005,49.2
10/3/2005,49.4
9/3/2005,49.87
8/3/2005,49.01
7/3/2005,48.15
4/3/2005,48.37
3/3/2005,48.36
2/3/2005,47.01
1/3/2005,46.17
28/2/2005,46.26
25/2/2005,45.49
24/2/2005,45.24
23/2/2005,44.72
22/2/2005,44.28
21/2/2005,43.12
18/2/2005,42.68
17/2/2005,42.56
16/2/2005,41.87
15/2/2005,41.84
14/2/2005,41.44
11/2/2005,41.38
10/2/2005,40.54
9/2/2005,39.94
8/2/2005,39.79
7/2/2005,39.98
4/2/2005,40.73
3/2/2005,40.19
2/2/2005,40.62
1/2/2005,41.28
31/1/2005,40.95
28/1/2005,41.88
27/1/2005,43.01
26/1/2005,43.1
25/1/2005,42.68
24/1/2005,42.49
21/1/2005,41.63
20/1/2005,40.68
19/1/2005,41.52
18/1/2005,41.97
17/1/2005,41.81
14/1/2005,41.8
13/1/2005,41.08
12/1/2005,39.81
11/1/2005,39.45
10/1/2005,40.12
7/1/2005,39.35
6/1/2005,38.19
5/1/2005,37.24
4/1/2005,36.57
3/1/2005,35.67
31/12/2004,36.43
30/12/2004,36.19
29/12/2004,35.54
28/12/2004,34.81
27/12/2004,35.3
24/12/2004,36.58
23/12/2004,36.71
22/12/2004,37.41
21/12/2004,38.26
20/12/2004,38.34
17/12/2004,37.87
16/12/2004,36.84
15/12/2004,36.47
14/12/2004,34.72
13/12/2004,33.99
10/12/2004,33.92
9/12/2004,34.29
8/12/2004,33.78
7/12/2004,34.21
6/12/2004,34.89
3/12/2004,34.53
2/12/2004,35.42
1/12/2004,38.03
30/11/2004,39.77
29/11/2004,39.46
26/11/2004,38.89
25/11/2004,39.06
24/11/2004,38.95
23/11/2004,38.69
22/11/2004,38.62
19/11/2004,37.53
18/11/2004,36.2
17/11/2004,35.49
16/11/2004,35.94
15/11/2004,36.11
12/11/2004,36.96
11/11/2004,37.16
10/11/2004,37.73
9/11/2004,38.03
8/11/2004,38.67
5/11/2004,38.56
4/11/2004,40.53
3/11/2004,41.44
2/11/2004,41.98
1/11/2004,43.31
29/10/2004,43.39
28/10/2004,43.59
27/10/2004,44.75
26/10/2004,45.48
25/10/2004,46.06
22/10/2004,46.52
21/10/2004,46.61
20/10/2004,45.87
19/10/2004,44.98
18/10/2004,45.47
15/10/2004,46.14
14/10/2004,45.48
13/10/2004,44.99
12/10/2004,46.49
11/10/2004,46.04
8/10/2004,45.19
7/10/2004,45.08
6/10/2004,44.26
5/10/2004,43.8
4/10/2004,43.28
1/10/2004,43.29
30/9/2004,43.39
29/9/2004,43.13
28/9/2004,43.54
27/9/2004,42.9
24/9/2004,42.31
23/9/2004,42.27
22/9/2004,41.75
21/9/2004,40.71
20/9/2004,40.2
17/9/2004,39.5
16/9/2004,38.44
15/9/2004,39.02
14/9/2004,39.07
13/9/2004,38.3
10/9/2004,38.82
9/9/2004,38.74
8/9/2004,38.19
7/9/2004,38.13
6/9/2004,38.66
3/9/2004,39.12
2/9/2004,39.68
1/9/2004,38.81
31/8/2004,38.15
30/8/2004,38.48
27/8/2004,39.05
26/8/2004,39.02
25/8/2004,40.45
24/8/2004,41.43
23/8/2004,42.27
20/8/2004,43.16
19/8/2004,42.6
18/8/2004,42.07
17/8/2004,41.75
16/8/2004,41.7
13/8/2004,41.33
12/8/2004,40.76
11/8/2004,40.08
10/8/2004,40
9/8/2004,40.04
6/8/2004,39.67
5/8/2004,39.55
4/8/2004,39.29
3/8/2004,39.33
2/8/2004,39.04
30/7/2004,38.69
29/7/2004,37.94
28/7/2004,37.95
27/7/2004,37.27
26/7/2004,37.02
23/7/2004,36.96
22/7/2004,36.6
21/7/2004,36.16
20/7/2004,36.49
19/7/2004,36.89
16/7/2004,36.81
15/7/2004,36.58
14/7/2004,35.79
13/7/2004,35.13
12/7/2004,35.83
9/7/2004,36.05
8/7/2004,35.91
7/7/2004,35.47
6/7/2004,35.58
5/7/2004,34.88
2/7/2004,34.75
1/7/2004,34
30/6/2004,32.68
29/6/2004,32.5
28/6/2004,33.07
25/6/2004,33.95
24/6/2004,34.1
23/6/2004,34.24
22/6/2004,34.36
21/6/2004,34.65
18/6/2004,35.19
17/6/2004,34.69
16/6/2004,33.93
15/6/2004,33.72
14/6/2004,34.29
11/6/2004,34.59
10/6/2004,34.59
9/6/2004,33.91
8/6/2004,34.45
7/6/2004,34.64
4/6/2004,34.94
3/6/2004,35.86
2/6/2004,36.8
1/6/2004,37.64
31/5/2004,36.17
28/5/2004,36.01
27/5/2004,36.02
26/5/2004,36.99
25/5/2004,37.36
24/5/2004,37.05
21/5/2004,36.4
20/5/2004,37.44
19/5/2004,37.12
18/5/2004,36.93
17/5/2004,37.72
14/5/2004,37.67
13/5/2004,36.93
12/5/2004,36.74
11/5/2004,35.57
10/5/2004,35.42
7/5/2004,36.12
6/5/2004,35.88
5/5/2004,35.3
4/5/2004,34.71
3/5/2004,34.13
30/4/2004,33.99
29/4/2004,33.33
28/4/2004,33.67
27/4/2004,33.32
26/4/2004,32.87
23/4/2004,32.58
22/4/2004,32.5
21/4/2004,32.15
20/4/2004,32.45
19/4/2004,32.89
16/4/2004,32.85
15/4/2004,32.54
14/4/2004,32.1
13/4/2004,32.6
12/4/2004,32.92
8/4/2004,32.37
7/4/2004,31.32
6/4/2004,30.22
5/4/2004,29.9
2/4/2004,30.18
1/4/2004,30.79
31/3/2004,31.49
30/3/2004,31.7
29/3/2004,31.13
26/3/2004,31.57
25/3/2004,31.93
24/3/2004,32.85
23/3/2004,32.83
22/3/2004,32.46
19/3/2004,33.01
18/3/2004,33.03
17/3/2004,32.95
16/3/2004,32.59
15/3/2004,32.3
12/3/2004,31.94
11/3/2004,31.95
10/3/2004,31.67
9/3/2004,32.3
8/3/2004,32.59
5/3/2004,32.75
4/3/2004,32.05
3/3/2004,31.82
2/3/2004,32.48
1/3/2004,31.82
27/2/2004,31.13
26/2/2004,31
25/2/2004,30.89
24/2/2004,30.55
23/2/2004,30.2
20/2/2004,30.17
19/2/2004,30.44
18/2/2004,30.52
17/2/2004,30.08
16/2/2004,29.72
13/2/2004,29.74
12/2/2004,28.96
11/2/2004,29.13
10/2/2004,28.75
9/2/2004,28.09
6/2/2004,28.2
5/2/2004,28.2
4/2/2004,28.55
3/2/2004,29.19
2/2/2004,29.06
30/1/2004,28.68
29/1/2004,28.98
28/1/2004,29.49
27/1/2004,29.99
26/1/2004,30.17
23/1/2004,30.74
22/1/2004,30.71
21/1/2004,30.74
20/1/2004,31.01
19/1/2004,30.73
16/1/2004,30.27
15/1/2004,30.37
14/1/2004,30.53
13/1/2004,31.08
12/1/2004,30.96
9/1/2004,30.88
8/1/2004,30.41
7/1/2004,30.23
6/1/2004,30.33
5/1/2004,29.85
2/1/2004,29.41
31/12/2003,29.87
30/12/2003,29.73
29/12/2003,29.53
24/12/2003,29.91
23/12/2003,29.13
22/12/2003,29.62
19/12/2003,30.71
18/12/2003,30.73
17/12/2003,30.45
16/12/2003,30.34
15/12/2003,30.04
12/12/2003,29.9
11/12/2003,29.42
10/12/2003,29.64
9/12/2003,29.73
8/12/2003,29.47
5/12/2003,28.69
4/12/2003,29.02
3/12/2003,28.68
2/12/2003,28.43
1/12/2003,27.92
28/11/2003,28.45
27/11/2003,28.39
26/11/2003,28.15
25/11/2003,27.98
24/11/2003,28.29
21/11/2003,29.41
20/11/2003,29.45
19/11/2003,29.79
18/11/2003,29.21
17/11/2003,28.9
14/11/2003,29.26
13/11/2003,28.94
12/11/2003,28.63
11/11/2003,28.63
10/11/2003,28.58
7/11/2003,28.3
6/11/2003,27.84
5/11/2003,27.49
4/11/2003,26.77
3/11/2003,27.19
31/10/2003,27.17
30/10/2003,26.98
29/10/2003,27.58
28/10/2003,27.77
27/10/2003,28.12
24/10/2003,28.23
23/10/2003,28.1
22/10/2003,28.16
21/10/2003,28.4
20/10/2003,28.4
17/10/2003,28.89
16/10/2003,29.74
15/10/2003,29.66
14/10/2003,29.78
13/10/2003,29.75
10/10/2003,29.88
9/10/2003,28.6
8/10/2003,27.99
7/10/2003,28.11
6/10/2003,28.19
3/10/2003,27.85
2/10/2003,27.6
1/10/2003,27.08
30/9/2003,26.82
29/9/2003,26.38
26/9/2003,26.11
25/9/2003,26.37
24/9/2003,25.59
23/9/2003,25.14
22/9/2003,24.82
19/9/2003,24.82
18/9/2003,24.9
17/9/2003,25.16
16/9/2003,25.59
15/9/2003,25.79
12/9/2003,25.94
11/9/2003,26.48
10/9/2003,26.52
9/9/2003,26.44
8/9/2003,26.41
5/9/2003,26.35
4/9/2003,26.69
3/9/2003,26.86
2/9/2003,27.52
1/9/2003,28.62
29/8/2003,28.9
28/8/2003,28.8
27/8/2003,28.77
26/8/2003,29.04
25/8/2003,29.01
22/8/2003,29.17
21/8/2003,28.73
20/8/2003,28.02
19/8/2003,27.94
18/8/2003,28.32
15/8/2003,28.42
14/8/2003,28.02
13/8/2003,28.61
12/8/2003,28.97
11/8/2003,29.02
8/8/2003,29.22
7/8/2003,29.07
6/8/2003,28.88
5/8/2003,28.8
4/8/2003,28.66
1/8/2003,28.21
31/7/2003,27.52
30/7/2003,27.31
29/7/2003,27.18
28/7/2003,27.02
25/7/2003,27.38
24/7/2003,27.23
23/7/2003,27
22/7/2003,27.17
21/7/2003,27.98
18/7/2003,28.23
17/7/2003,27.93
16/7/2003,27.87
15/7/2003,27.98
14/7/2003,28.02
11/7/2003,28.14
10/7/2003,27.98
9/7/2003,27.43
8/7/2003,26.83
7/7/2003,27.04
4/7/2003,27.19
3/7/2003,27.6
2/7/2003,27.31
1/7/2003,27.19
30/6/2003,27.11
27/6/2003,26.55
26/6/2003,26.62
25/6/2003,26.58
24/6/2003,26.26
23/6/2003,26.54
20/6/2003,26.34
19/6/2003,25.6
18/6/2003,25.88
17/6/2003,26.37
16/6/2003,26.44
13/6/2003,26.7
12/6/2003,27.48
11/6/2003,27.86
10/6/2003,27.51
9/6/2003,27.53
6/6/2003,27.3
5/6/2003,26.77
4/6/2003,26.72
3/6/2003,27.09
2/6/2003,27.1
30/5/2003,26.71
29/5/2003,26.27
28/5/2003,26.49
27/5/2003,26.48
26/5/2003,26.87
23/5/2003,26.85
22/5/2003,26.53
21/5/2003,26.64
20/5/2003,26.1
19/5/2003,26.53
16/5/2003,26.24
15/5/2003,26.21
14/5/2003,26.13
13/5/2003,25.41
12/5/2003,25.32
9/5/2003,25.14
8/5/2003,24.44
7/5/2003,23.89
6/5/2003,23.92
5/5/2003,23.99
2/5/2003,23.84
1/5/2003,23.85
30/4/2003,23.72
29/4/2003,23.27
28/4/2003,23.64
25/4/2003,24.4
24/4/2003,23.97
23/4/2003,25.14
22/4/2003,26.24
21/4/2003,26.64
17/4/2003,26.25
16/4/2003,25.71
15/4/2003,25.56
14/4/2003,25.35
11/4/2003,24.96
10/4/2003,25.4
9/4/2003,25.59
8/4/2003,25.33
7/4/2003,24.91
4/4/2003,25.38
3/4/2003,26
2/4/2003,25.76
1/4/2003,26.8
31/3/2003,27.22
28/3/2003,27.23
27/3/2003,26.66
26/3/2003,25.54
25/3/2003,26.84
24/3/2003,25.7
21/3/2003,24.81
20/3/2003,26.51
19/3/2003,27.12
18/3/2003,27.69
17/3/2003,29.8
14/3/2003,30.98
13/3/2003,32.42
12/3/2003,32.74
11/3/2003,32.54
10/3/2003,33.11
7/3/2003,32.79
6/3/2003,32.5
5/3/2003,32.29
4/3/2003,32.12
3/3/2003,31.63
28/2/2003,32.63
27/2/2003,32.48
26/2/2003,32.49
25/2/2003,32.73
24/2/2003,32.44
21/2/2003,31.84
20/2/2003,31.48
19/2/2003,31.95
18/2/2003,31.85
17/2/2003,31.9
14/2/2003,32.33
13/2/2003,31.91
12/2/2003,31.3
11/2/2003,31.35
10/2/2003,31.38
7/2/2003,31.25
6/2/2003,30.77
5/2/2003,30.52
4/2/2003,29.98
3/2/2003,30.29
31/1/2003,30.71
30/1/2003,30.58
29/1/2003,30.3
28/1/2003,29.83
27/1/2003,30.16
24/1/2003,30.56
23/1/2003,30.18
22/1/2003,30.89
21/1/2003,30.9
20/1/2003,31.21
17/1/2003,31.02
16/1/2003,30.87
15/1/2003,30.66
14/1/2003,30.21
13/1/2003,29.82
10/1/2003,29.82
9/1/2003,29.51
8/1/2003,28.86
7/1/2003,29.72
6/1/2003,30.71
3/1/2003,30.83
2/1/2003,30.05
