location,cpi-index,year,month
AUS,3.7,1948,9
AUS,3.7333333333333334,1948,10
AUS,3.7666666666666666,1948,11
AUS,3.8,1948,12
AUS,3.833333333333333,1949,1
AUS,3.8666666666666667,1949,2
AUS,3.9,1949,3
AUS,3.933333333333333,1949,4
AUS,3.966666666666667,1949,5
AUS,4.0,1949,6
AUS,4.033333333333333,1949,7
AUS,4.066666666666666,1949,8
AUS,4.1,1949,9
AUS,4.1,1949,10
AUS,4.1,1949,11
AUS,4.1,1949,12
AUS,4.133333333333333,1950,1
AUS,4.166666666666667,1950,2
AUS,4.2,1950,3
AUS,4.233333333333333,1950,4
AUS,4.266666666666667,1950,5
AUS,4.3,1950,6
AUS,4.333333333333333,1950,7
AUS,4.366666666666667,1950,8
AUS,4.4,1950,9
AUS,4.466666666666667,1950,10
AUS,4.533333333333333,1950,11
AUS,4.6,1950,12
AUS,4.666666666666666,1951,1
AUS,4.733333333333333,1951,2
AUS,4.8,1951,3
AUS,4.8999999999999995,1951,4
AUS,5.0,1951,5
AUS,5.1,1951,6
AUS,5.166666666666666,1951,7
AUS,5.233333333333333,1951,8
AUS,5.3,1951,9
AUS,5.433333333333334,1951,10
AUS,5.566666666666666,1951,11
AUS,5.7,1951,12
AUS,5.766666666666667,1952,1
AUS,5.833333333333334,1952,2
AUS,5.9,1952,3
AUS,5.966666666666667,1952,4
AUS,6.033333333333333,1952,5
AUS,6.1,1952,6
AUS,6.133333333333333,1952,7
AUS,6.166666666666667,1952,8
AUS,6.2,1952,9
AUS,6.233333333333333,1952,10
AUS,6.266666666666667,1952,11
AUS,6.3,1952,12
AUS,6.3,1953,1
AUS,6.3,1953,2
AUS,6.3,1953,3
AUS,6.333333333333333,1953,4
AUS,6.366666666666667,1953,5
AUS,6.4,1953,6
AUS,6.433333333333334,1953,7
AUS,6.466666666666667,1953,8
AUS,6.5,1953,9
AUS,6.466666666666667,1953,10
AUS,6.433333333333334,1953,11
AUS,6.4,1953,12
AUS,6.433333333333334,1954,1
AUS,6.466666666666667,1954,2
AUS,6.5,1954,3
AUS,6.5,1954,4
AUS,6.5,1954,5
AUS,6.5,1954,6
AUS,6.5,1954,7
AUS,6.5,1954,8
AUS,6.5,1954,9
AUS,6.5,1954,10
AUS,6.5,1954,11
AUS,6.5,1954,12
AUS,6.5,1955,1
AUS,6.5,1955,2
AUS,6.5,1955,3
AUS,6.533333333333333,1955,4
AUS,6.566666666666666,1955,5
AUS,6.6,1955,6
AUS,6.6,1955,7
AUS,6.6,1955,8
AUS,6.6,1955,9
AUS,6.633333333333333,1955,10
AUS,6.666666666666667,1955,11
AUS,6.7,1955,12
AUS,6.7,1956,1
AUS,6.7,1956,2
AUS,6.7,1956,3
AUS,6.8,1956,4
AUS,6.9,1956,5
AUS,7.0,1956,6
AUS,7.033333333333333,1956,7
AUS,7.066666666666666,1956,8
AUS,7.1,1956,9
AUS,7.1,1956,10
AUS,7.1,1956,11
AUS,7.1,1956,12
AUS,7.1,1957,1
AUS,7.1,1957,2
AUS,7.1,1957,3
AUS,7.133333333333333,1957,4
AUS,7.166666666666667,1957,5
AUS,7.2,1957,6
AUS,7.2,1957,7
AUS,7.2,1957,8
AUS,7.2,1957,9
AUS,7.2,1957,10
AUS,7.2,1957,11
AUS,7.2,1957,12
AUS,7.2,1958,1
AUS,7.2,1958,2
AUS,7.2,1958,3
AUS,7.2,1958,4
AUS,7.2,1958,5
AUS,7.2,1958,6
AUS,7.2,1958,7
AUS,7.2,1958,8
AUS,7.2,1958,9
AUS,7.233333333333333,1958,10
AUS,7.266666666666667,1958,11
AUS,7.3,1958,12
AUS,7.3,1959,1
AUS,7.3,1959,2
AUS,7.3,1959,3
AUS,7.3,1959,4
AUS,7.3,1959,5
AUS,7.3,1959,6
AUS,7.333333333333333,1959,7
AUS,7.366666666666667,1959,8
AUS,7.4,1959,9
AUS,7.433333333333334,1959,10
AUS,7.466666666666667,1959,11
AUS,7.5,1959,12
AUS,7.5,1960,1
AUS,7.5,1960,2
AUS,7.5,1960,3
AUS,7.533333333333333,1960,4
AUS,7.566666666666666,1960,5
AUS,7.6,1960,6
AUS,7.633333333333333,1960,7
AUS,7.666666666666667,1960,8
AUS,7.7,1960,9
AUS,7.733333333333333,1960,10
AUS,7.766666666666667,1960,11
AUS,7.8,1960,12
AUS,7.8,1961,1
AUS,7.8,1961,2
AUS,7.8,1961,3
AUS,7.833333333333333,1961,4
AUS,7.866666666666667,1961,5
AUS,7.9,1961,6
AUS,7.866666666666667,1961,7
AUS,7.833333333333333,1961,8
AUS,7.8,1961,9
AUS,7.8,1961,10
AUS,7.8,1961,11
AUS,7.8,1961,12
AUS,7.8,1962,1
AUS,7.8,1962,2
AUS,7.8,1962,3
AUS,7.8,1962,4
AUS,7.8,1962,5
AUS,7.8,1962,6
AUS,7.8,1962,7
AUS,7.8,1962,8
AUS,7.8,1962,9
AUS,7.8,1962,10
AUS,7.8,1962,11
AUS,7.8,1962,12
AUS,7.8,1963,1
AUS,7.8,1963,2
AUS,7.8,1963,3
AUS,7.8,1963,4
AUS,7.8,1963,5
AUS,7.8,1963,6
AUS,7.833333333333333,1963,7
AUS,7.866666666666667,1963,8
AUS,7.9,1963,9
AUS,7.9,1963,10
AUS,7.9,1963,11
AUS,7.9,1963,12
AUS,7.933333333333334,1964,1
AUS,7.966666666666667,1964,2
AUS,8.0,1964,3
AUS,8.0,1964,4
AUS,8.0,1964,5
AUS,8.0,1964,6
AUS,8.033333333333333,1964,7
AUS,8.066666666666666,1964,8
AUS,8.1,1964,9
AUS,8.133333333333333,1964,10
AUS,8.166666666666666,1964,11
AUS,8.2,1964,12
AUS,8.2,1965,1
AUS,8.2,1965,2
AUS,8.2,1965,3
AUS,8.233333333333333,1965,4
AUS,8.266666666666667,1965,5
AUS,8.3,1965,6
AUS,8.333333333333334,1965,7
AUS,8.366666666666667,1965,8
AUS,8.4,1965,9
AUS,8.433333333333334,1965,10
AUS,8.466666666666667,1965,11
AUS,8.5,1965,12
AUS,8.533333333333333,1966,1
AUS,8.566666666666666,1966,2
AUS,8.6,1966,3
AUS,8.6,1966,4
AUS,8.6,1966,5
AUS,8.6,1966,6
AUS,8.6,1966,7
AUS,8.6,1966,8
AUS,8.6,1966,9
AUS,8.633333333333333,1966,10
AUS,8.666666666666666,1966,11
AUS,8.7,1966,12
AUS,8.733333333333333,1967,1
AUS,8.766666666666667,1967,2
AUS,8.8,1967,3
AUS,8.833333333333334,1967,4
AUS,8.866666666666667,1967,5
AUS,8.9,1967,6
AUS,8.933333333333334,1967,7
AUS,8.966666666666667,1967,8
AUS,9.0,1967,9
AUS,9.0,1967,10
AUS,9.0,1967,11
AUS,9.0,1967,12
AUS,9.033333333333333,1968,1
AUS,9.066666666666666,1968,2
AUS,9.1,1968,3
AUS,9.1,1968,4
AUS,9.1,1968,5
AUS,9.1,1968,6
AUS,9.133333333333333,1968,7
AUS,9.166666666666666,1968,8
AUS,9.2,1968,9
AUS,9.2,1968,10
AUS,9.2,1968,11
AUS,9.2,1968,12
AUS,9.266666666666666,1969,1
AUS,9.333333333333334,1969,2
AUS,9.4,1969,3
AUS,9.4,1969,4
AUS,9.4,1969,5
AUS,9.4,1969,6
AUS,9.433333333333334,1969,7
AUS,9.466666666666667,1969,8
AUS,9.5,1969,9
AUS,9.5,1969,10
AUS,9.5,1969,11
AUS,9.5,1969,12
AUS,9.533333333333333,1970,1
AUS,9.566666666666666,1970,2
AUS,9.6,1970,3
AUS,9.633333333333333,1970,4
AUS,9.666666666666666,1970,5
AUS,9.7,1970,6
AUS,9.733333333333333,1970,7
AUS,9.766666666666667,1970,8
AUS,9.8,1970,9
AUS,9.866666666666667,1970,10
AUS,9.933333333333334,1970,11
AUS,10.0,1970,12
AUS,10.033333333333333,1971,1
AUS,10.066666666666666,1971,2
AUS,10.1,1971,3
AUS,10.133333333333333,1971,4
AUS,10.166666666666666,1971,5
AUS,10.2,1971,6
AUS,10.299999999999999,1971,7
AUS,10.4,1971,8
AUS,10.5,1971,9
AUS,10.566666666666666,1971,10
AUS,10.633333333333333,1971,11
AUS,10.7,1971,12
AUS,10.733333333333333,1972,1
AUS,10.766666666666667,1972,2
AUS,10.8,1972,3
AUS,10.833333333333334,1972,4
AUS,10.866666666666667,1972,5
AUS,10.9,1972,6
AUS,10.966666666666667,1972,7
AUS,11.033333333333333,1972,8
AUS,11.1,1972,9
AUS,11.133333333333333,1972,10
AUS,11.166666666666666,1972,11
AUS,11.2,1972,12
AUS,11.266666666666666,1973,1
AUS,11.333333333333334,1973,2
AUS,11.4,1973,3
AUS,11.533333333333333,1973,4
AUS,11.666666666666668,1973,5
AUS,11.8,1973,6
AUS,11.933333333333334,1973,7
AUS,12.066666666666666,1973,8
AUS,12.2,1973,9
AUS,12.333333333333332,1973,10
AUS,12.466666666666667,1973,11
AUS,12.6,1973,12
AUS,12.733333333333333,1974,1
AUS,12.866666666666667,1974,2
AUS,13.0,1974,3
AUS,13.166666666666666,1974,4
AUS,13.333333333333334,1974,5
AUS,13.5,1974,6
AUS,13.733333333333333,1974,7
AUS,13.966666666666667,1974,8
AUS,14.2,1974,9
AUS,14.366666666666665,1974,10
AUS,14.533333333333333,1974,11
AUS,14.7,1974,12
AUS,14.9,1975,1
AUS,15.1,1975,2
AUS,15.3,1975,3
AUS,15.466666666666667,1975,4
AUS,15.633333333333335,1975,5
AUS,15.8,1975,6
AUS,15.833333333333334,1975,7
AUS,15.866666666666667,1975,8
AUS,15.9,1975,9
AUS,16.2,1975,10
AUS,16.5,1975,11
AUS,16.8,1975,12
AUS,16.96666666666667,1976,1
AUS,17.133333333333333,1976,2
AUS,17.3,1976,3
AUS,17.433333333333334,1976,4
AUS,17.566666666666666,1976,5
AUS,17.7,1976,6
AUS,17.833333333333332,1976,7
AUS,17.96666666666667,1976,8
AUS,18.1,1976,9
AUS,18.46666666666667,1976,10
AUS,18.833333333333332,1976,11
AUS,19.2,1976,12
AUS,19.333333333333332,1977,1
AUS,19.46666666666667,1977,2
AUS,19.6,1977,3
AUS,19.76666666666667,1977,4
AUS,19.933333333333334,1977,5
AUS,20.1,1977,6
AUS,20.233333333333334,1977,7
AUS,20.366666666666667,1977,8
AUS,20.5,1977,9
AUS,20.666666666666668,1977,10
AUS,20.833333333333332,1977,11
AUS,21.0,1977,12
AUS,21.1,1978,1
AUS,21.2,1978,2
AUS,21.3,1978,3
AUS,21.433333333333334,1978,4
AUS,21.566666666666666,1978,5
AUS,21.7,1978,6
AUS,21.833333333333332,1978,7
AUS,21.96666666666667,1978,8
AUS,22.1,1978,9
AUS,22.26666666666667,1978,10
AUS,22.433333333333334,1978,11
AUS,22.6,1978,12
AUS,22.733333333333334,1979,1
AUS,22.866666666666667,1979,2
AUS,23.0,1979,3
AUS,23.2,1979,4
AUS,23.400000000000002,1979,5
AUS,23.6,1979,6
AUS,23.8,1979,7
AUS,24.0,1979,8
AUS,24.2,1979,9
AUS,24.433333333333334,1979,10
AUS,24.666666666666664,1979,11
AUS,24.9,1979,12
AUS,25.066666666666666,1980,1
AUS,25.23333333333333,1980,2
AUS,25.4,1980,3
AUS,25.666666666666664,1980,4
AUS,25.933333333333334,1980,5
AUS,26.2,1980,6
AUS,26.333333333333332,1980,7
AUS,26.46666666666667,1980,8
AUS,26.6,1980,9
AUS,26.8,1980,10
AUS,27.0,1980,11
AUS,27.2,1980,12
AUS,27.4,1981,1
AUS,27.6,1981,2
AUS,27.8,1981,3
AUS,28.0,1981,4
AUS,28.2,1981,5
AUS,28.4,1981,6
AUS,28.599999999999998,1981,7
AUS,28.8,1981,8
AUS,29.0,1981,9
AUS,29.4,1981,10
AUS,29.8,1981,11
AUS,30.2,1981,12
AUS,30.4,1982,1
AUS,30.6,1982,2
AUS,30.8,1982,3
AUS,31.033333333333335,1982,4
AUS,31.266666666666666,1982,5
AUS,31.5,1982,6
AUS,31.866666666666667,1982,7
AUS,32.233333333333334,1982,8
AUS,32.6,1982,9
AUS,32.93333333333334,1982,10
AUS,33.266666666666666,1982,11
AUS,33.6,1982,12
AUS,33.833333333333336,1983,1
AUS,34.06666666666666,1983,2
AUS,34.3,1983,3
AUS,34.53333333333333,1983,4
AUS,34.766666666666666,1983,5
AUS,35.0,1983,6
AUS,35.2,1983,7
AUS,35.4,1983,8
AUS,35.6,1983,9
AUS,35.9,1983,10
AUS,36.2,1983,11
AUS,36.5,1983,12
AUS,36.43333333333333,1984,1
AUS,36.36666666666667,1984,2
AUS,36.3,1984,3
AUS,36.33333333333333,1984,4
AUS,36.36666666666667,1984,5
AUS,36.4,1984,6
AUS,36.56666666666666,1984,7
AUS,36.733333333333334,1984,8
AUS,36.9,1984,9
AUS,37.06666666666666,1984,10
AUS,37.233333333333334,1984,11
AUS,37.4,1984,12
AUS,37.56666666666666,1985,1
AUS,37.733333333333334,1985,2
AUS,37.9,1985,3
AUS,38.199999999999996,1985,4
AUS,38.5,1985,5
AUS,38.8,1985,6
AUS,39.1,1985,7
AUS,39.4,1985,8
AUS,39.7,1985,9
AUS,39.96666666666667,1985,10
AUS,40.233333333333334,1985,11
AUS,40.5,1985,12
AUS,40.8,1986,1
AUS,41.1,1986,2
AUS,41.4,1986,3
AUS,41.63333333333333,1986,4
AUS,41.86666666666667,1986,5
AUS,42.1,1986,6
AUS,42.46666666666667,1986,7
AUS,42.833333333333336,1986,8
AUS,43.2,1986,9
AUS,43.6,1986,10
AUS,44.0,1986,11
AUS,44.4,1986,12
AUS,44.699999999999996,1987,1
AUS,45.0,1987,2
AUS,45.3,1987,3
AUS,45.53333333333333,1987,4
AUS,45.766666666666666,1987,5
AUS,46.0,1987,6
AUS,46.266666666666666,1987,7
AUS,46.53333333333333,1987,8
AUS,46.8,1987,9
AUS,47.06666666666666,1987,10
AUS,47.333333333333336,1987,11
AUS,47.6,1987,12
AUS,47.86666666666667,1988,1
AUS,48.13333333333333,1988,2
AUS,48.4,1988,3
AUS,48.699999999999996,1988,4
AUS,49.0,1988,5
AUS,49.3,1988,6
AUS,49.6,1988,7
AUS,49.9,1988,8
AUS,50.2,1988,9
AUS,50.53333333333334,1988,10
AUS,50.86666666666667,1988,11
AUS,51.2,1988,12
AUS,51.36666666666667,1989,1
AUS,51.53333333333334,1989,2
AUS,51.7,1989,3
AUS,52.13333333333333,1989,4
AUS,52.56666666666667,1989,5
AUS,53.0,1989,6
AUS,53.4,1989,7
AUS,53.800000000000004,1989,8
AUS,54.2,1989,9
AUS,54.53333333333334,1989,10
AUS,54.86666666666667,1989,11
AUS,55.2,1989,12
AUS,55.53333333333334,1990,1
AUS,55.86666666666667,1990,2
AUS,56.2,1990,3
AUS,56.5,1990,4
AUS,56.800000000000004,1990,5
AUS,57.1,1990,6
AUS,57.233333333333334,1990,7
AUS,57.36666666666667,1990,8
AUS,57.5,1990,9
AUS,58.0,1990,10
AUS,58.5,1990,11
AUS,59.0,1990,12
AUS,58.96666666666667,1991,1
AUS,58.93333333333333,1991,2
AUS,58.9,1991,3
AUS,58.93333333333333,1991,4
AUS,58.96666666666667,1991,5
AUS,59.0,1991,6
AUS,59.1,1991,7
AUS,59.199999999999996,1991,8
AUS,59.3,1991,9
AUS,59.5,1991,10
AUS,59.699999999999996,1991,11
AUS,59.9,1991,12
AUS,59.9,1992,1
AUS,59.9,1992,2
AUS,59.9,1992,3
AUS,59.833333333333336,1992,4
AUS,59.766666666666666,1992,5
AUS,59.7,1992,6
AUS,59.733333333333334,1992,7
AUS,59.766666666666666,1992,8
AUS,59.8,1992,9
AUS,59.9,1992,10
AUS,60.0,1992,11
AUS,60.1,1992,12
AUS,60.266666666666666,1993,1
AUS,60.43333333333334,1993,2
AUS,60.6,1993,3
AUS,60.666666666666664,1993,4
AUS,60.733333333333334,1993,5
AUS,60.8,1993,6
AUS,60.9,1993,7
AUS,61.0,1993,8
AUS,61.1,1993,9
AUS,61.13333333333333,1993,10
AUS,61.16666666666667,1993,11
AUS,61.2,1993,12
AUS,61.300000000000004,1994,1
AUS,61.4,1994,2
AUS,61.5,1994,3
AUS,61.63333333333333,1994,4
AUS,61.766666666666666,1994,5
AUS,61.9,1994,6
AUS,62.03333333333333,1994,7
AUS,62.166666666666664,1994,8
AUS,62.3,1994,9
AUS,62.46666666666666,1994,10
AUS,62.63333333333333,1994,11
AUS,62.8,1994,12
AUS,63.13333333333333,1995,1
AUS,63.46666666666666,1995,2
AUS,63.8,1995,3
AUS,64.1,1995,4
AUS,64.4,1995,5
AUS,64.7,1995,6
AUS,64.96666666666667,1995,7
AUS,65.23333333333333,1995,8
AUS,65.5,1995,9
AUS,65.66666666666667,1995,10
AUS,65.83333333333333,1995,11
AUS,66.0,1995,12
AUS,66.06666666666666,1996,1
AUS,66.13333333333334,1996,2
AUS,66.2,1996,3
AUS,66.36666666666667,1996,4
AUS,66.53333333333333,1996,5
AUS,66.7,1996,6
AUS,66.76666666666667,1996,7
AUS,66.83333333333334,1996,8
AUS,66.9,1996,9
AUS,66.93333333333334,1996,10
AUS,66.96666666666667,1996,11
AUS,67.0,1996,12
AUS,67.03333333333333,1997,1
AUS,67.06666666666666,1997,2
AUS,67.1,1997,3
AUS,67.03333333333333,1997,4
AUS,66.96666666666667,1997,5
AUS,66.9,1997,6
AUS,66.8,1997,7
AUS,66.7,1997,8
AUS,66.6,1997,9
AUS,66.66666666666666,1997,10
AUS,66.73333333333333,1997,11
AUS,66.8,1997,12
AUS,66.86666666666666,1998,1
AUS,66.93333333333334,1998,2
AUS,67.0,1998,3
AUS,67.13333333333334,1998,4
AUS,67.26666666666667,1998,5
AUS,67.4,1998,6
AUS,67.43333333333334,1998,7
AUS,67.46666666666667,1998,8
AUS,67.5,1998,9
AUS,67.6,1998,10
AUS,67.7,1998,11
AUS,67.8,1998,12
AUS,67.8,1999,1
AUS,67.8,1999,2
AUS,67.8,1999,3
AUS,67.89999999999999,1999,4
AUS,68.0,1999,5
AUS,68.1,1999,6
AUS,68.3,1999,7
AUS,68.5,1999,8
AUS,68.7,1999,9
AUS,68.83333333333333,1999,10
AUS,68.96666666666667,1999,11
AUS,69.1,1999,12
AUS,69.3,2000,1
AUS,69.5,2000,2
AUS,69.7,2000,3
AUS,69.86666666666667,2000,4
AUS,70.03333333333333,2000,5
AUS,70.2,2000,6
AUS,71.10000000000001,2000,7
AUS,72.0,2000,8
AUS,72.9,2000,9
AUS,72.96666666666667,2000,10
AUS,73.03333333333333,2000,11
AUS,73.1,2000,12
AUS,73.36666666666666,2001,1
AUS,73.63333333333334,2001,2
AUS,73.9,2001,3
AUS,74.10000000000001,2001,4
AUS,74.3,2001,5
AUS,74.5,2001,6
AUS,74.56666666666666,2001,7
AUS,74.63333333333334,2001,8
AUS,74.7,2001,9
AUS,74.93333333333334,2001,10
AUS,75.16666666666667,2001,11
AUS,75.4,2001,12
AUS,75.63333333333334,2002,1
AUS,75.86666666666666,2002,2
AUS,76.1,2002,3
AUS,76.26666666666667,2002,4
AUS,76.43333333333332,2002,5
AUS,76.6,2002,6
AUS,76.76666666666667,2002,7
AUS,76.93333333333332,2002,8
AUS,77.1,2002,9
AUS,77.26666666666667,2002,10
AUS,77.43333333333332,2002,11
AUS,77.6,2002,12
AUS,77.93333333333332,2003,1
AUS,78.26666666666667,2003,2
AUS,78.6,2003,3
AUS,78.6,2003,4
AUS,78.6,2003,5
AUS,78.6,2003,6
AUS,78.76666666666667,2003,7
AUS,78.93333333333332,2003,8
AUS,79.1,2003,9
AUS,79.23333333333333,2003,10
AUS,79.36666666666666,2003,11
AUS,79.5,2003,12
AUS,79.73333333333333,2004,1
AUS,79.96666666666667,2004,2
AUS,80.2,2004,3
AUS,80.33333333333333,2004,4
AUS,80.46666666666667,2004,5
AUS,80.6,2004,6
AUS,80.7,2004,7
AUS,80.8,2004,8
AUS,80.9,2004,9
AUS,81.10000000000001,2004,10
AUS,81.3,2004,11
AUS,81.5,2004,12
AUS,81.7,2005,1
AUS,81.89999999999999,2005,2
AUS,82.1,2005,3
AUS,82.26666666666667,2005,4
AUS,82.43333333333332,2005,5
AUS,82.6,2005,6
AUS,82.86666666666666,2005,7
AUS,83.13333333333334,2005,8
AUS,83.4,2005,9
AUS,83.53333333333333,2005,10
AUS,83.66666666666667,2005,11
AUS,83.8,2005,12
AUS,84.03333333333333,2006,1
AUS,84.26666666666667,2006,2
AUS,84.5,2006,3
AUS,84.96666666666667,2006,4
AUS,85.43333333333334,2006,5
AUS,85.9,2006,6
AUS,86.16666666666667,2006,7
AUS,86.43333333333334,2006,8
AUS,86.7,2006,9
AUS,86.66666666666667,2006,10
AUS,86.63333333333333,2006,11
AUS,86.6,2006,12
AUS,86.6,2007,1
AUS,86.6,2007,2
AUS,86.6,2007,3
AUS,86.96666666666667,2007,4
AUS,87.33333333333333,2007,5
AUS,87.7,2007,6
AUS,87.9,2007,7
AUS,88.1,2007,8
AUS,88.3,2007,9
AUS,88.56666666666666,2007,10
AUS,88.83333333333333,2007,11
AUS,89.1,2007,12
AUS,89.5,2008,1
AUS,89.89999999999999,2008,2
AUS,90.3,2008,3
AUS,90.73333333333333,2008,4
AUS,91.16666666666666,2008,5
AUS,91.6,2008,6
AUS,91.96666666666667,2008,7
AUS,92.33333333333333,2008,8
AUS,92.7,2008,9
AUS,92.60000000000001,2008,10
AUS,92.5,2008,11
AUS,92.4,2008,12
AUS,92.43333333333334,2009,1
AUS,92.46666666666667,2009,2
AUS,92.5,2009,3
AUS,92.63333333333334,2009,4
AUS,92.76666666666667,2009,5
AUS,92.9,2009,6
AUS,93.2,2009,7
AUS,93.5,2009,8
AUS,93.8,2009,9
AUS,93.96666666666667,2009,10
AUS,94.13333333333333,2009,11
AUS,94.3,2009,12
AUS,94.6,2010,1
AUS,94.9,2010,2
AUS,95.2,2010,3
AUS,95.4,2010,4
AUS,95.6,2010,5
AUS,95.8,2010,6
AUS,96.03333333333333,2010,7
AUS,96.26666666666667,2010,8
AUS,96.5,2010,9
AUS,96.63333333333334,2010,10
AUS,96.76666666666667,2010,11
AUS,96.9,2010,12
AUS,97.36666666666667,2011,1
AUS,97.83333333333333,2011,2
AUS,98.3,2011,3
AUS,98.6,2011,4
AUS,98.9,2011,5
AUS,99.2,2011,6
AUS,99.4,2011,7
AUS,99.6,2011,8
AUS,99.8,2011,9
AUS,99.8,2011,10
AUS,99.8,2011,11
AUS,99.8,2011,12
AUS,99.83333333333333,2012,1
AUS,99.86666666666667,2012,2
AUS,99.9,2012,3
AUS,100.06666666666668,2012,4
AUS,100.23333333333333,2012,5
AUS,100.4,2012,6
AUS,100.86666666666667,2012,7
AUS,101.33333333333333,2012,8
AUS,101.8,2012,9
AUS,101.86666666666666,2012,10
AUS,101.93333333333334,2012,11
AUS,102.0,2012,12
AUS,102.13333333333334,2013,1
AUS,102.26666666666667,2013,2
AUS,102.4,2013,3
AUS,102.53333333333333,2013,4
AUS,102.66666666666667,2013,5
AUS,102.8,2013,6
AUS,103.2,2013,7
AUS,103.6,2013,8
AUS,104.0,2013,9
AUS,104.26666666666667,2013,10
AUS,104.53333333333333,2013,11
AUS,104.8,2013,12
AUS,105.0,2014,1
AUS,105.2,2014,2
AUS,105.4,2014,3
AUS,105.56666666666668,2014,4
AUS,105.73333333333333,2014,5
AUS,105.9,2014,6
AUS,106.06666666666668,2014,7
AUS,106.23333333333333,2014,8
AUS,106.4,2014,9
AUS,106.46666666666667,2014,10
AUS,106.53333333333333,2014,11
AUS,106.6,2014,12
AUS,106.66666666666666,2015,1
AUS,106.73333333333333,2015,2
AUS,106.8,2015,3
AUS,107.03333333333333,2015,4
AUS,107.26666666666667,2015,5
AUS,107.5,2015,6
AUS,107.66666666666667,2015,7
AUS,107.83333333333333,2015,8
AUS,108.0,2015,9
AUS,108.13333333333334,2015,10
AUS,108.26666666666667,2015,11
AUS,108.4,2015,12
AUS,108.33333333333334,2016,1
AUS,108.26666666666667,2016,2
AUS,108.2,2016,3
AUS,108.33333333333333,2016,4
AUS,108.46666666666667,2016,5
AUS,108.6,2016,6
AUS,108.86666666666666,2016,7
AUS,109.13333333333334,2016,8
AUS,109.4,2016,9
AUS,109.60000000000001,2016,10
AUS,109.8,2016,11
AUS,110.0,2016,12
AUS,110.16666666666667,2017,1
AUS,110.33333333333333,2017,2
AUS,110.5,2017,3
AUS,110.56666666666666,2017,4
AUS,110.63333333333334,2017,5
AUS,110.7,2017,6
AUS,110.93333333333334,2017,7
AUS,111.16666666666667,2017,8
AUS,111.4,2017,9
AUS,111.63333333333334,2017,10
AUS,111.86666666666666,2017,11
AUS,112.1,2017,12
AUS,112.26666666666667,2018,1
AUS,112.43333333333332,2018,2
AUS,112.6,2018,3
AUS,112.73333333333333,2018,4
AUS,112.86666666666666,2018,5
AUS,113.0,2018,6
AUS,113.16666666666667,2018,7
AUS,113.33333333333333,2018,8
AUS,113.5,2018,9
AUS,113.7,2018,10
AUS,113.89999999999999,2018,11
AUS,114.1,2018,12
AUS,114.1,2019,1
AUS,114.1,2019,2
AUS,114.1,2019,3
AUS,114.33333333333333,2019,4
AUS,114.56666666666666,2019,5
AUS,114.8,2019,6
AUS,115.0,2019,7
AUS,115.2,2019,8
AUS,115.4,2019,9
AUS,115.66666666666667,2019,10
AUS,115.93333333333334,2019,11
AUS,116.2,2019,12
AUS,116.33333333333333,2020,1
AUS,116.46666666666667,2020,2
AUS,116.6,2020,3
AUS,115.86666666666666,2020,4
AUS,115.13333333333334,2020,5
AUS,114.4,2020,6
AUS,115.0,2020,7
AUS,115.60000000000001,2020,8
AUS,116.2,2020,9
AUS,116.53333333333333,2020,10
AUS,116.86666666666667,2020,11
AUS,117.2,2020,12
AUS,117.43333333333334,2021,1
AUS,117.66666666666667,2021,2
AUS,117.9,2021,3
AUS,118.2,2021,4
AUS,118.5,2021,5
AUS,118.8,2021,6
AUS,119.1,2021,7
AUS,119.4,2021,8
AUS,119.7,2021,9
AUS,120.23333333333333,2021,10
AUS,120.76666666666667,2021,11
AUS,121.3,2021,12
AUS,122.16666666666667,2022,1
AUS,123.03333333333333,2022,2
AUS,123.9,2022,3
AUS,124.63333333333334,2022,4
AUS,125.36666666666666,2022,5
AUS,126.1,2022,6
AUS,126.86666666666666,2022,7
AUS,127.63333333333334,2022,8
AUS,128.4,2022,9
USA,138.1,1992,1
USA,138.6,1992,2
USA,139.3,1992,3
USA,139.5,1992,4
USA,139.7,1992,5
USA,140.2,1992,6
USA,140.5,1992,7
USA,140.9,1992,8
USA,141.3,1992,9
USA,141.8,1992,10
USA,142.0,1992,11
USA,141.9,1992,12
USA,142.6,1993,1
USA,143.1,1993,2
USA,143.6,1993,3
USA,144.0,1993,4
USA,144.2,1993,5
USA,144.4,1993,6
USA,144.4,1993,7
USA,144.8,1993,8
USA,145.1,1993,9
USA,145.7,1993,10
USA,145.8,1993,11
USA,145.8,1993,12
USA,146.2,1994,1
USA,146.7,1994,2
USA,147.2,1994,3
USA,147.4,1994,4
USA,147.5,1994,5
USA,148.0,1994,6
USA,148.4,1994,7
USA,149.0,1994,8
USA,149.4,1994,9
USA,149.5,1994,10
USA,149.7,1994,11
USA,149.7,1994,12
USA,150.3,1995,1
USA,150.9,1995,2
USA,151.4,1995,3
USA,151.9,1995,4
USA,152.2,1995,5
USA,152.5,1995,6
USA,152.5,1995,7
USA,152.9,1995,8
USA,153.2,1995,9
USA,153.7,1995,10
USA,153.6,1995,11
USA,153.5,1995,12
USA,154.4,1996,1
USA,154.9,1996,2
USA,155.7,1996,3
USA,156.3,1996,4
USA,156.6,1996,5
USA,156.7,1996,6
USA,157.0,1996,7
USA,157.3,1996,8
USA,157.8,1996,9
USA,158.3,1996,10
USA,158.6,1996,11
USA,158.6,1996,12
USA,159.1,1997,1
USA,159.6,1997,2
USA,160.0,1997,3
USA,160.2,1997,4
USA,160.1,1997,5
USA,160.3,1997,6
USA,160.5,1997,7
USA,160.8,1997,8
USA,161.2,1997,9
USA,161.6,1997,10
USA,161.5,1997,11
USA,161.3,1997,12
USA,161.6,1998,1
USA,161.9,1998,2
USA,162.2,1998,3
USA,162.5,1998,4
USA,162.8,1998,5
USA,163.0,1998,6
USA,163.2,1998,7
USA,163.4,1998,8
USA,163.6,1998,9
USA,164.0,1998,10
USA,164.0,1998,11
USA,163.9,1998,12
USA,164.3,1999,1
USA,164.5,1999,2
USA,165.0,1999,3
USA,166.2,1999,4
USA,166.2,1999,5
USA,166.2,1999,6
USA,166.7,1999,7
USA,167.1,1999,8
USA,167.9,1999,9
USA,168.2,1999,10
USA,168.3,1999,11
USA,168.3,1999,12
USA,168.8,2000,1
USA,169.8,2000,2
USA,171.2,2000,3
USA,171.3,2000,4
USA,171.5,2000,5
USA,172.4,2000,6
USA,172.8,2000,7
USA,172.8,2000,8
USA,173.7,2000,9
USA,174.0,2000,10
USA,174.1,2000,11
USA,174.0,2000,12
USA,175.1,2001,1
USA,175.8,2001,2
USA,176.2,2001,3
USA,176.9,2001,4
USA,177.7,2001,5
USA,178.0,2001,6
USA,177.5,2001,7
USA,177.5,2001,8
USA,178.3,2001,9
USA,177.7,2001,10
USA,177.4,2001,11
USA,176.7,2001,12
USA,177.1,2002,1
USA,177.8,2002,2
USA,178.8,2002,3
USA,179.8,2002,4
USA,179.8,2002,5
USA,179.9,2002,6
USA,180.1,2002,7
USA,180.7,2002,8
USA,181.0,2002,9
USA,181.3,2002,10
USA,181.3,2002,11
USA,180.9,2002,12
USA,181.7,2003,1
USA,183.1,2003,2
USA,184.2,2003,3
USA,183.8,2003,4
USA,183.5,2003,5
USA,183.7,2003,6
USA,183.9,2003,7
USA,184.6,2003,8
USA,185.2,2003,9
USA,185.0,2003,10
USA,184.5,2003,11
USA,184.3,2003,12
USA,185.2,2004,1
USA,186.2,2004,2
USA,187.4,2004,3
USA,188.0,2004,4
USA,189.1,2004,5
USA,189.7,2004,6
USA,189.4,2004,7
USA,189.5,2004,8
USA,189.9,2004,9
USA,190.9,2004,10
USA,191.0,2004,11
USA,190.3,2004,12
USA,190.7,2005,1
USA,191.8,2005,2
USA,193.3,2005,3
USA,194.6,2005,4
USA,194.4,2005,5
USA,194.5,2005,6
USA,195.4,2005,7
USA,196.4,2005,8
USA,198.8,2005,9
USA,199.2,2005,10
USA,197.6,2005,11
USA,196.8,2005,12
USA,198.3,2006,1
USA,198.7,2006,2
USA,199.8,2006,3
USA,201.5,2006,4
USA,202.5,2006,5
USA,202.9,2006,6
USA,203.5,2006,7
USA,203.9,2006,8
USA,202.9,2006,9
USA,201.8,2006,10
USA,201.5,2006,11
USA,201.8,2006,12
USA,202.416,2007,1
USA,203.499,2007,2
USA,205.352,2007,3
USA,206.686,2007,4
USA,207.949,2007,5
USA,208.352,2007,6
USA,208.299,2007,7
USA,207.917,2007,8
USA,208.49,2007,9
USA,208.936,2007,10
USA,210.177,2007,11
USA,210.036,2007,12
USA,211.08,2008,1
USA,211.693,2008,2
USA,213.528,2008,3
USA,214.823,2008,4
USA,216.632,2008,5
USA,218.815,2008,6
USA,219.964,2008,7
USA,219.086,2008,8
USA,218.783,2008,9
USA,216.573,2008,10
USA,212.425,2008,11
USA,210.228,2008,12
USA,211.143,2009,1
USA,212.193,2009,2
USA,212.709,2009,3
USA,213.24,2009,4
USA,213.856,2009,5
USA,215.693,2009,6
USA,215.351,2009,7
USA,215.834,2009,8
USA,215.969,2009,9
USA,216.177,2009,10
USA,216.33,2009,11
USA,215.949,2009,12
USA,216.687,2010,1
USA,216.741,2010,2
USA,217.631,2010,3
USA,218.009,2010,4
USA,218.178,2010,5
USA,217.965,2010,6
USA,218.011,2010,7
USA,218.312,2010,8
USA,218.439,2010,9
USA,218.711,2010,10
USA,218.803,2010,11
USA,219.179,2010,12
USA,220.223,2011,1
USA,221.309,2011,2
USA,223.467,2011,3
USA,224.906,2011,4
USA,225.964,2011,5
USA,225.722,2011,6
USA,225.922,2011,7
USA,226.545,2011,8
USA,226.889,2011,9
USA,226.421,2011,10
USA,226.23,2011,11
USA,225.672,2011,12
USA,226.665,2012,1
USA,227.663,2012,2
USA,229.392,2012,3
USA,230.085,2012,4
USA,229.815,2012,5
USA,229.478,2012,6
USA,229.104,2012,7
USA,230.379,2012,8
USA,231.407,2012,9
USA,231.317,2012,10
USA,230.221,2012,11
USA,229.601,2012,12
USA,230.28,2013,1
USA,232.166,2013,2
USA,232.773,2013,3
USA,232.531,2013,4
USA,232.945,2013,5
USA,233.504,2013,6
USA,233.596,2013,7
USA,233.877,2013,8
USA,234.149,2013,9
USA,233.546,2013,10
USA,233.069,2013,11
USA,233.049,2013,12
USA,233.916,2014,1
USA,234.781,2014,2
USA,236.293,2014,3
USA,237.072,2014,4
USA,237.9,2014,5
USA,238.343,2014,6
USA,238.25,2014,7
USA,237.852,2014,8
USA,238.031,2014,9
USA,237.433,2014,10
USA,236.151,2014,11
USA,234.812,2014,12
USA,233.707,2015,1
USA,234.722,2015,2
USA,236.119,2015,3
USA,236.599,2015,4
USA,237.805,2015,5
USA,238.638,2015,6
USA,238.654,2015,7
USA,238.316,2015,8
USA,237.945,2015,9
USA,237.838,2015,10
USA,237.336,2015,11
USA,236.525,2015,12
USA,236.916,2016,1
USA,237.111,2016,2
USA,238.132,2016,3
USA,239.261,2016,4
USA,240.229,2016,5
USA,241.018,2016,6
USA,240.628,2016,7
USA,240.849,2016,8
USA,241.428,2016,9
USA,241.729,2016,10
USA,241.353,2016,11
USA,241.432,2016,12
USA,242.839,2017,1
USA,243.603,2017,2
USA,243.801,2017,3
USA,244.524,2017,4
USA,244.733,2017,5
USA,244.955,2017,6
USA,244.786,2017,7
USA,245.519,2017,8
USA,246.819,2017,9
USA,246.663,2017,10
USA,246.669,2017,11
USA,246.524,2017,12
USA,247.867,2018,1
USA,248.991,2018,2
USA,249.554,2018,3
USA,250.546,2018,4
USA,251.588,2018,5
USA,251.989,2018,6
USA,252.006,2018,7
USA,252.146,2018,8
USA,252.439,2018,9
USA,252.885,2018,10
USA,252.038,2018,11
USA,251.233,2018,12
USA,251.712,2019,1
USA,252.776,2019,2
USA,254.202,2019,3
USA,255.548,2019,4
USA,256.092,2019,5
USA,256.143,2019,6
USA,256.571,2019,7
USA,256.558,2019,8
USA,256.759,2019,9
USA,257.346,2019,10
USA,257.208,2019,11
USA,256.974,2019,12
USA,257.971,2020,1
USA,258.678,2020,2
USA,258.115,2020,3
USA,256.389,2020,4
USA,256.394,2020,5
USA,257.797,2020,6
USA,259.101,2020,7
USA,259.918,2020,8
USA,260.28,2020,9
USA,260.388,2020,10
USA,260.229,2020,11
USA,260.474,2020,12
USA,261.582,2021,1
USA,263.014,2021,2
USA,264.877,2021,3
USA,267.054,2021,4
USA,269.195,2021,5
USA,271.696,2021,6
USA,273.003,2021,7
USA,273.567,2021,8
USA,274.31,2021,9
USA,276.589,2021,10
USA,277.948,2021,11
USA,278.802,2021,12
USA,281.148,2022,1
USA,283.716,2022,2
USA,287.504,2022,3
USA,289.109,2022,4
USA,292.296,2022,5
USA,296.311,2022,6
USA,296.276,2022,7
USA,296.171,2022,8
USA,296.808,2022,9
