Country,LOCATION,Year,Month,Thousand Dollars,Megawatthours,Count,Cents/kWh,Lagged 1 - Cents/kWh,Lagged 2 - Cents/kWh,Lagged 3 - Cents/kWh,Lagged 4 - Cents/kWh,Lagged 5 - Cents/kWh,Lagged 6 - Cents/kWh,Lagged 7 - Cents/kWh,Lagged 8 - Cents/kWh,Lagged 9 - Cents/kWh,Lagged 10 - Cents/kWh,Lagged 11 - Cents/kWh,Lagged 12 - Cents/kWh
United States,USA,2022,8,"25,681,962","160,974,300","140,407,601",15.95,15.46,15.42,14.92,14.77,14.47,13.83,13.72,13.75,14.12,14.11,14.19,13.97
United States,USA,2022,7,"25,531,114","165,125,584","139,780,608",15.46,15.42,14.92,14.77,14.47,13.83,13.72,13.75,14.12,14.11,14.19,13.97,13.87
United States,USA,2022,6,"21,137,852","137,055,267","140,248,613",15.42,14.92,14.77,14.47,13.83,13.72,13.75,14.12,14.11,14.19,13.97,13.87,13.85
United States,USA,2022,5,"16,479,018","110,482,201","138,666,308",14.92,14.77,14.47,13.83,13.72,13.75,14.12,14.11,14.19,13.97,13.87,13.85,13.89
United States,USA,2022,4,"14,537,713","98,449,326","139,496,067",14.77,14.47,13.83,13.72,13.75,14.12,14.11,14.19,13.97,13.87,13.85,13.89,13.76
United States,USA,2022,3,"16,247,367","112,303,046","140,379,837",14.47,13.83,13.72,13.75,14.12,14.11,14.19,13.97,13.87,13.85,13.89,13.76,13.3
United States,USA,2022,2,"17,462,761","126,230,109","138,629,257",13.83,13.72,13.75,14.12,14.11,14.19,13.97,13.87,13.85,13.89,13.76,13.3,13.35
United States,USA,2022,1,"19,295,982","140,593,604","138,083,382",13.72,13.75,14.12,14.11,14.19,13.97,13.87,13.85,13.89,13.76,13.3,13.35,12.69
United States,USA,2021,12,"16,234,064","118,084,631","138,914,893",13.75,14.12,14.11,14.19,13.97,13.87,13.85,13.89,13.76,13.3,13.35,12.69,12.78
United States,USA,2021,11,"14,249,501","100,937,877","137,344,547",14.12,14.11,14.19,13.97,13.87,13.85,13.89,13.76,13.3,13.35,12.69,12.78,13.31
United States,USA,2021,10,"14,713,464","104,293,368","137,835,330",14.11,14.19,13.97,13.87,13.85,13.89,13.76,13.3,13.35,12.69,12.78,13.31,13.66
United States,USA,2021,9,"18,706,730","131,847,798","138,486,142",14.19,13.97,13.87,13.85,13.89,13.76,13.3,13.35,12.69,12.78,13.31,13.66,13.49
United States,USA,2021,8,"22,168,583","158,634,041","138,446,332",13.97,13.87,13.85,13.89,13.76,13.3,13.35,12.69,12.78,13.31,13.66,13.49,13.26
United States,USA,2021,7,"21,542,208","155,309,157","138,311,825",13.87,13.85,13.89,13.76,13.3,13.35,12.69,12.78,13.31,13.66,13.49,13.26,13.21
United States,USA,2021,6,"18,393,637","132,820,257","138,320,005",13.85,13.89,13.76,13.3,13.35,12.69,12.78,13.31,13.66,13.49,13.26,13.21,13.22
United States,USA,2021,5,"14,101,163","101,489,132","137,431,855",13.89,13.76,13.3,13.35,12.69,12.78,13.31,13.66,13.49,13.26,13.21,13.22,13.1
United States,USA,2021,4,"12,960,789","94,177,116","137,610,383",13.76,13.3,13.35,12.69,12.78,13.31,13.66,13.49,13.26,13.21,13.22,13.1,13.24
United States,USA,2021,3,"15,217,695","114,430,451","138,320,607",13.3,13.35,12.69,12.78,13.31,13.66,13.49,13.26,13.21,13.22,13.1,13.24,13.04
United States,USA,2021,2,"16,945,572","126,969,918","136,042,204",13.35,12.69,12.78,13.31,13.66,13.49,13.26,13.21,13.22,13.1,13.24,13.04,12.82
United States,USA,2021,1,"17,407,384","137,127,384","136,782,882",12.69,12.78,13.31,13.66,13.49,13.26,13.21,13.22,13.1,13.24,13.04,12.82,12.76
United States,USA,2020,12,"16,578,223","129,760,758","137,973,904",12.78,13.31,13.66,13.49,13.26,13.21,13.22,13.1,13.24,13.04,12.82,12.76,12.68
United States,USA,2020,11,"13,268,684","99,660,937","136,773,523",13.31,13.66,13.49,13.26,13.21,13.22,13.1,13.24,13.04,12.82,12.76,12.68,13.03
United States,USA,2020,10,"14,409,103","105,513,936","137,301,842",13.66,13.49,13.26,13.21,13.22,13.1,13.24,13.04,12.82,12.76,12.68,13.03,12.81
United States,USA,2020,9,"17,246,813","127,823,893","137,124,272",13.49,13.26,13.21,13.22,13.1,13.24,13.04,12.82,12.76,12.68,13.03,12.81,13.16
United States,USA,2020,8,"21,077,366","158,939,147","136,834,443",13.26,13.21,13.22,13.1,13.24,13.04,12.82,12.76,12.68,13.03,12.81,13.16,13.3
United States,USA,2020,7,"22,067,183","167,108,142","137,441,000",13.21,13.22,13.1,13.24,13.04,12.82,12.76,12.68,13.03,12.81,13.16,13.3,13.26
United States,USA,2020,6,"17,388,986","131,538,051","136,740,348",13.22,13.1,13.24,13.04,12.82,12.76,12.68,13.03,12.81,13.16,13.3,13.26,13.32
United States,USA,2020,5,"13,841,029","105,680,943","136,178,906",13.1,13.24,13.04,12.82,12.76,12.68,13.03,12.81,13.16,13.3,13.26,13.32,13.31
United States,USA,2020,4,"12,942,550","97,759,203","136,344,191",13.24,13.04,12.82,12.76,12.68,13.03,12.81,13.16,13.3,13.26,13.32,13.31,13.25
United States,USA,2020,3,"13,595,602","104,254,943","136,372,119",13.04,12.82,12.76,12.68,13.03,12.81,13.16,13.3,13.26,13.32,13.31,13.25,12.84
United States,USA,2020,2,"14,371,350","112,122,882","135,215,196",12.82,12.76,12.68,13.03,12.81,13.16,13.3,13.26,13.32,13.31,13.25,12.84,12.72
United States,USA,2020,1,"15,876,319","124,442,211","135,882,652",12.76,12.68,13.03,12.81,13.16,13.3,13.26,13.32,13.31,13.25,12.84,12.72,12.47
United States,USA,2019,12,"15,354,439","121,078,077","136,250,376",12.68,13.03,12.81,13.16,13.3,13.26,13.32,13.31,13.25,12.84,12.72,12.47,12.43
United States,USA,2019,11,"13,346,147","102,452,922","135,340,521",13.03,12.81,13.16,13.3,13.26,13.32,13.31,13.25,12.84,12.72,12.47,12.43,12.9
United States,USA,2019,10,"13,836,605","107,997,208","136,260,010",12.81,13.16,13.3,13.26,13.32,13.31,13.25,12.84,12.72,12.47,12.43,12.9,12.85
United States,USA,2019,9,"17,316,721","131,566,727","135,291,081",13.16,13.3,13.26,13.32,13.31,13.25,12.84,12.72,12.47,12.43,12.9,12.85,13.01
United States,USA,2019,8,"19,955,346","150,083,056","135,635,335",13.3,13.26,13.32,13.31,13.25,12.84,12.72,12.47,12.43,12.9,12.85,13.01,13.26
United States,USA,2019,7,"20,381,882","153,748,889","135,468,046",13.26,13.32,13.31,13.25,12.84,12.72,12.47,12.43,12.9,12.85,13.01,13.26,13.13
United States,USA,2019,6,"16,004,918","120,116,170","135,074,042",13.32,13.31,13.25,12.84,12.72,12.47,12.43,12.9,12.85,13.01,13.26,13.13,13.03
United States,USA,2019,5,"13,355,938","100,331,071","135,405,612",13.31,13.25,12.84,12.72,12.47,12.43,12.9,12.85,13.01,13.26,13.13,13.03,13.12
United States,USA,2019,4,"11,976,453","90,383,822","134,920,415",13.25,12.84,12.72,12.47,12.43,12.9,12.85,13.01,13.26,13.13,13.03,13.12,12.88
United States,USA,2019,3,"14,457,026","112,605,415","135,170,833",12.84,12.72,12.47,12.43,12.9,12.85,13.01,13.26,13.13,13.03,13.12,12.88,12.97
United States,USA,2019,2,"14,831,060","116,608,002","133,333,741",12.72,12.47,12.43,12.9,12.85,13.01,13.26,13.13,13.03,13.12,12.88,12.97,12.63
United States,USA,2019,1,"16,619,501","133,317,550","134,845,133",12.47,12.43,12.9,12.85,13.01,13.26,13.13,13.03,13.12,12.88,12.97,12.63,12.22
United States,USA,2018,12,"15,311,233","123,180,747","134,524,515",12.43,12.9,12.85,13.01,13.26,13.13,13.03,13.12,12.88,12.97,12.63,12.22,12.45
United States,USA,2018,11,"13,388,529","103,790,231","134,155,859",12.9,12.85,13.01,13.26,13.13,13.03,13.12,12.88,12.97,12.63,12.22,12.45,12.94
United States,USA,2018,10,"13,751,135","107,048,983","134,378,003",12.85,13.01,13.26,13.13,13.03,13.12,12.88,12.97,12.63,12.22,12.45,12.94,12.8
United States,USA,2018,9,"16,775,152","128,910,015","133,791,468",13.01,13.26,13.13,13.03,13.12,12.88,12.97,12.63,12.22,12.45,12.94,12.8,13.28
United States,USA,2018,8,"20,351,263","153,496,754","134,434,222",13.26,13.13,13.03,13.12,12.88,12.97,12.63,12.22,12.45,12.94,12.8,13.28,13.15
United States,USA,2018,7,"20,156,169","153,566,323","133,883,566",13.13,13.03,13.12,12.88,12.97,12.63,12.22,12.45,12.94,12.8,13.28,13.15,13.08
United States,USA,2018,6,"16,921,958","129,913,143","133,935,717",13.03,13.12,12.88,12.97,12.63,12.22,12.45,12.94,12.8,13.28,13.15,13.08,13.2
United States,USA,2018,5,"13,625,043","103,848,230","134,122,207",13.12,12.88,12.97,12.63,12.22,12.45,12.94,12.8,13.28,13.15,13.08,13.2,13.07
United States,USA,2018,4,"12,290,313","95,453,887","133,418,177",12.88,12.97,12.63,12.22,12.45,12.94,12.8,13.28,13.15,13.08,13.2,13.07,12.72
United States,USA,2018,3,"13,904,789","107,218,756","133,853,008",12.97,12.63,12.22,12.45,12.94,12.8,13.28,13.15,13.08,13.2,13.07,12.72,12.89
United States,USA,2018,2,"14,364,227","113,751,617","132,923,916",12.63,12.22,12.45,12.94,12.8,13.28,13.15,13.08,13.2,13.07,12.72,12.89,12.79
United States,USA,2018,1,"18,193,477","148,917,773","133,302,851",12.22,12.45,12.94,12.8,13.28,13.15,13.08,13.2,13.07,12.72,12.89,12.79,12.21
United States,USA,2017,12,"15,188,616","122,004,617","133,321,574",12.45,12.94,12.8,13.28,13.15,13.08,13.2,13.07,12.72,12.89,12.79,12.21,12.23
United States,USA,2017,11,"12,721,418","98,320,566","133,093,866",12.94,12.8,13.28,13.15,13.08,13.2,13.07,12.72,12.89,12.79,12.21,12.23,12.75
United States,USA,2017,10,"13,163,919","102,811,043","133,126,174",12.8,13.28,13.15,13.08,13.2,13.07,12.72,12.89,12.79,12.21,12.23,12.75,12.46
United States,USA,2017,9,"15,771,702","118,778,782","132,461,398",13.28,13.15,13.08,13.2,13.07,12.72,12.89,12.79,12.21,12.23,12.75,12.46,12.87
United States,USA,2017,8,"18,679,045","142,007,167","133,013,535",13.15,13.08,13.2,13.07,12.72,12.89,12.79,12.21,12.23,12.75,12.46,12.87,12.88
United States,USA,2017,7,"19,605,903","149,900,482","132,345,053",13.08,13.2,13.07,12.72,12.89,12.79,12.21,12.23,12.75,12.46,12.87,12.88,12.68
United States,USA,2017,6,"16,170,643","122,543,169","132,866,506",13.2,13.07,12.72,12.89,12.79,12.21,12.23,12.75,12.46,12.87,12.88,12.68,12.73
United States,USA,2017,5,"12,843,176","98,281,159","132,559,481",13.07,12.72,12.89,12.79,12.21,12.23,12.75,12.46,12.87,12.88,12.68,12.73,12.79
United States,USA,2017,4,"11,535,967","90,724,504","131,902,166",12.72,12.89,12.79,12.21,12.23,12.75,12.46,12.87,12.88,12.68,12.73,12.79,12.43
United States,USA,2017,3,"13,289,045","103,095,520","132,851,616",12.89,12.79,12.21,12.23,12.75,12.46,12.87,12.88,12.68,12.73,12.79,12.43,12.56
United States,USA,2017,2,"12,910,768","100,968,236","131,437,253",12.79,12.21,12.23,12.75,12.46,12.87,12.88,12.68,12.73,12.79,12.43,12.56,12.14
United States,USA,2017,1,"15,780,965","129,212,499","131,977,307",12.21,12.23,12.75,12.46,12.87,12.88,12.68,12.73,12.79,12.43,12.56,12.14,11.99
United States,USA,2016,12,"14,830,204","121,280,856","131,859,453",12.23,12.75,12.46,12.87,12.88,12.68,12.73,12.79,12.43,12.56,12.14,11.99,12.32
United States,USA,2016,11,"11,886,346","93,244,091","131,325,418",12.75,12.46,12.87,12.88,12.68,12.73,12.79,12.43,12.56,12.14,11.99,12.32,12.71
United States,USA,2016,10,"12,647,912","101,507,966","131,318,899",12.46,12.87,12.88,12.68,12.73,12.79,12.43,12.56,12.14,11.99,12.32,12.71,12.72
United States,USA,2016,9,"16,651,693","129,362,932","131,374,997",12.87,12.88,12.68,12.73,12.79,12.43,12.56,12.14,11.99,12.32,12.71,12.72,13.03
United States,USA,2016,8,"20,156,706","156,441,524","131,346,501",12.88,12.68,12.73,12.79,12.43,12.56,12.14,11.99,12.32,12.71,12.72,13.03,12.91
United States,USA,2016,7,"19,574,575","154,409,327","131,086,905",12.68,12.73,12.79,12.43,12.56,12.14,11.99,12.32,12.71,12.72,13.03,12.91,12.94
United States,USA,2016,6,"15,941,506","125,211,239","131,282,771",12.73,12.79,12.43,12.56,12.14,11.99,12.32,12.71,12.72,13.03,12.91,12.94,12.92
United States,USA,2016,5,"12,048,368","94,198,030","131,002,108",12.79,12.43,12.56,12.14,11.99,12.32,12.71,12.72,13.03,12.91,12.94,12.92,12.93
United States,USA,2016,4,"10,966,741","88,244,340","130,452,160",12.43,12.56,12.14,11.99,12.32,12.71,12.72,13.03,12.91,12.94,12.92,12.93,12.62
United States,USA,2016,3,"12,592,721","100,226,575","131,333,340",12.56,12.14,11.99,12.32,12.71,12.72,13.03,12.91,12.94,12.92,12.93,12.62,12.33
United States,USA,2016,2,"14,075,925","115,959,425","130,114,828",12.14,11.99,12.32,12.71,12.72,13.03,12.91,12.94,12.92,12.93,12.62,12.33,12.29
United States,USA,2016,1,"15,704,042","130,971,848","130,327,243",11.99,12.32,12.71,12.72,13.03,12.91,12.94,12.92,12.93,12.62,12.33,12.29,12.1
United States,USA,2015,12,"13,759,174","111,670,437","130,854,255",12.32,12.71,12.72,13.03,12.91,12.94,12.92,12.93,12.62,12.33,12.29,12.1,12.17
United States,USA,2015,11,"11,775,451","92,677,749","129,722,466",12.71,12.72,13.03,12.91,12.94,12.92,12.93,12.62,12.33,12.29,12.1,12.17,12.48
United States,USA,2015,10,"12,632,537","99,349,047","130,277,004",12.72,13.03,12.91,12.94,12.92,12.93,12.62,12.33,12.29,12.1,12.17,12.48,12.6
United States,USA,2015,9,"16,346,958","125,416,666","130,004,031",13.03,12.91,12.94,12.92,12.93,12.62,12.33,12.29,12.1,12.17,12.48,12.6,12.95
United States,USA,2015,8,"18,658,711","144,515,145","129,696,710",12.91,12.94,12.92,12.93,12.62,12.33,12.29,12.1,12.17,12.48,12.6,12.95,13.04
United States,USA,2015,7,"18,903,905","146,038,291","130,322,224",12.94,12.92,12.93,12.62,12.33,12.29,12.1,12.17,12.48,12.6,12.95,13.04,13.09
United States,USA,2015,6,"15,537,267","120,299,754","129,833,960",12.92,12.93,12.62,12.33,12.29,12.1,12.17,12.48,12.6,12.95,13.04,13.09,12.99
United States,USA,2015,5,"12,300,262","95,160,533","129,550,528",12.93,12.62,12.33,12.29,12.1,12.17,12.48,12.6,12.95,13.04,13.09,12.99,12.85
United States,USA,2015,4,"11,379,471","90,199,187","129,607,349",12.62,12.33,12.29,12.1,12.17,12.48,12.6,12.95,13.04,13.09,12.99,12.85,12.31
United States,USA,2015,3,"14,449,846","117,167,111","129,858,190",12.33,12.29,12.1,12.17,12.48,12.6,12.95,13.04,13.09,12.99,12.85,12.31,12.25
United States,USA,2015,2,"15,214,669","123,837,721","128,836,192",12.29,12.1,12.17,12.48,12.6,12.95,13.04,13.09,12.99,12.85,12.31,12.25,11.94
United States,USA,2015,1,"16,665,370","137,764,859","129,177,100",12.1,12.17,12.48,12.6,12.95,13.04,13.09,12.99,12.85,12.31,12.25,11.94,11.65
United States,USA,2014,12,"14,706,536","120,800,620","129,655,750",12.17,12.48,12.6,12.95,13.04,13.09,12.99,12.85,12.31,12.25,11.94,11.65,11.72
United States,USA,2014,11,"12,417,489","99,485,771","128,640,689",12.48,12.6,12.95,13.04,13.09,12.99,12.85,12.31,12.25,11.94,11.65,11.72,12.1
United States,USA,2014,10,"12,352,418","98,037,682","129,521,707",12.6,12.95,13.04,13.09,12.99,12.85,12.31,12.25,11.94,11.65,11.72,12.1,12.36
United States,USA,2014,9,"15,638,798","120,741,347","128,788,358",12.95,13.04,13.09,12.99,12.85,12.31,12.25,11.94,11.65,11.72,12.1,12.36,12.51
United States,USA,2014,8,"17,708,103","135,829,797","128,924,140",13.04,13.09,12.99,12.85,12.31,12.25,11.94,11.65,11.72,12.1,12.36,12.51,12.53
United States,USA,2014,7,"17,942,652","137,027,969","129,055,781",13.09,12.99,12.85,12.31,12.25,11.94,11.65,11.72,12.1,12.36,12.51,12.53,12.65
United States,USA,2014,6,"15,336,707","118,049,037","128,562,601",12.99,12.85,12.31,12.25,11.94,11.65,11.72,12.1,12.36,12.51,12.53,12.65,12.54
United States,USA,2014,5,"12,300,372","95,726,768","128,428,131",12.85,12.31,12.25,11.94,11.65,11.72,12.1,12.36,12.51,12.53,12.65,12.54,12.4
United States,USA,2014,4,"11,365,387","92,289,715","128,347,095",12.31,12.25,11.94,11.65,11.72,12.1,12.36,12.51,12.53,12.65,12.54,12.4,11.93
United States,USA,2014,3,"13,996,440","114,232,804","128,398,293",12.25,11.94,11.65,11.72,12.1,12.36,12.51,12.53,12.65,12.54,12.4,11.93,11.61
United States,USA,2014,2,"15,337,976","128,475,358","127,760,935",11.94,11.65,11.72,12.1,12.36,12.51,12.53,12.65,12.54,12.4,11.93,11.61,11.63
United States,USA,2014,1,"17,075,130","146,511,442","128,080,045",11.65,11.72,12.1,12.36,12.51,12.53,12.65,12.54,12.4,11.93,11.61,11.63,11.46
United States,USA,2013,12,"15,119,560","128,966,061","128,622,650",11.72,12.1,12.36,12.51,12.53,12.65,12.54,12.4,11.93,11.61,11.63,11.46,11.62
United States,USA,2013,11,"11,843,485","97,904,016","127,563,046",12.1,12.36,12.51,12.53,12.65,12.54,12.4,11.93,11.61,11.63,11.46,11.62,11.75
United States,USA,2013,10,"12,225,342","98,893,015","128,616,444",12.36,12.51,12.53,12.65,12.54,12.4,11.93,11.61,11.63,11.46,11.62,11.75,12.03
United States,USA,2013,9,"15,192,387","121,419,216","127,680,228",12.51,12.53,12.65,12.54,12.4,11.93,11.61,11.63,11.46,11.62,11.75,12.03,12.3
United States,USA,2013,8,"17,293,519","138,065,070","128,138,737",12.53,12.65,12.54,12.4,11.93,11.61,11.63,11.46,11.62,11.75,12.03,12.3,12.17
United States,USA,2013,7,"18,192,900","143,854,749","127,940,694",12.65,12.54,12.4,11.93,11.61,11.63,11.46,11.62,11.75,12.03,12.3,12.17,12
United States,USA,2013,6,"14,793,349","117,982,106","127,665,705",12.54,12.4,11.93,11.61,11.63,11.46,11.62,11.75,12.03,12.3,12.17,12,12.09
United States,USA,2013,5,"11,804,760","95,191,598","128,031,040",12.4,11.93,11.61,11.63,11.46,11.62,11.75,12.03,12.3,12.17,12,12.09,11.9
United States,USA,2013,4,"11,396,578","95,540,851","126,863,523",11.93,11.61,11.63,11.46,11.62,11.75,12.03,12.3,12.17,12,12.09,11.9,11.92
United States,USA,2013,3,"13,016,199","112,096,726","127,694,574",11.61,11.63,11.46,11.62,11.75,12.03,12.3,12.17,12,12.09,11.9,11.92,11.7
United States,USA,2013,2,"13,152,577","113,113,885","126,911,590",11.63,11.46,11.62,11.75,12.03,12.3,12.17,12,12.09,11.9,11.92,11.7,11.51
United States,USA,2013,1,"15,099,984","131,784,837","127,595,060",11.46,11.62,11.75,12.03,12.3,12.17,12,12.09,11.9,11.92,11.7,11.51,11.41
United States,USA,2012,12,"13,271,254","114,187,601","126,747,576",11.62,11.75,12.03,12.3,12.17,12,12.09,11.9,11.92,11.7,11.51,11.41,11.4
United States,USA,2012,11,"11,417,716","97,155,234","126,862,992",11.75,12.03,12.3,12.17,12,12.09,11.9,11.92,11.7,11.51,11.41,11.4,11.78
United States,USA,2012,10,"11,633,393","96,669,435","127,148,704",12.03,12.3,12.17,12,12.09,11.9,11.92,11.7,11.51,11.41,11.4,11.78,12.08
United States,USA,2012,9,"14,613,556","118,831,342","126,453,450",12.3,12.17,12,12.09,11.9,11.92,11.7,11.51,11.41,11.4,11.78,12.08,12.17
United States,USA,2012,8,"18,009,423","147,941,046","127,521,015",12.17,12,12.09,11.9,11.92,11.7,11.51,11.41,11.4,11.78,12.08,12.17,12.09
United States,USA,2012,7,"18,552,930","154,579,071","126,749,730",12,12.09,11.9,11.92,11.7,11.51,11.41,11.4,11.78,12.08,12.17,12.09,12.09
United States,USA,2012,6,"14,863,158","122,934,130","126,998,376",12.09,11.9,11.92,11.7,11.51,11.41,11.4,11.78,12.08,12.17,12.09,12.09,11.97
United States,USA,2012,5,"12,010,899","100,895,114","127,543,688",11.9,11.92,11.7,11.51,11.41,11.4,11.78,12.08,12.17,12.09,12.09,11.97,11.93
United States,USA,2012,4,"10,503,851","88,103,210","126,680,967",11.92,11.7,11.51,11.41,11.4,11.78,12.08,12.17,12.09,12.09,11.97,11.93,11.67
United States,USA,2012,3,"11,620,585","99,361,685","126,890,820",11.7,11.51,11.41,11.4,11.78,12.08,12.17,12.09,12.09,11.97,11.93,11.67,11.52
United States,USA,2012,2,"12,423,745","107,975,354","126,147,190",11.51,11.41,11.4,11.78,12.08,12.17,12.09,12.09,11.97,11.93,11.67,11.52,11.06
United States,USA,2012,1,"14,359,852","125,881,482","126,242,521",11.41,11.4,11.78,12.08,12.17,12.09,12.09,11.97,11.93,11.67,11.52,11.06,10.87
United States,USA,2011,12,"13,261,884","116,341,023","126,593,788",11.4,11.78,12.08,12.17,12.09,12.09,11.97,11.93,11.67,11.52,11.06,10.87,11.06
United States,USA,2011,11,"10,981,820","93,220,497","126,251,331",11.78,12.08,12.17,12.09,12.09,11.97,11.93,11.67,11.52,11.06,10.87,11.06,11.62
United States,USA,2011,10,"11,427,034","94,585,120","126,127,824",12.08,12.17,12.09,12.09,11.97,11.93,11.67,11.52,11.06,10.87,11.06,11.62,11.86
United States,USA,2011,9,"14,933,839","122,719,497","126,386,997",12.17,12.09,12.09,11.97,11.93,11.67,11.52,11.06,10.87,11.06,11.62,11.86,11.95
United States,USA,2011,8,"18,582,571","153,738,735","126,732,832",12.09,12.09,11.97,11.93,11.67,11.52,11.06,10.87,11.06,11.62,11.86,11.95,12.03
United States,USA,2011,7,"18,709,282","154,728,919","126,153,422",12.09,11.97,11.93,11.67,11.52,11.06,10.87,11.06,11.62,11.86,11.95,12.03,12.04
United States,USA,2011,6,"15,079,523","125,982,784","126,411,464",11.97,11.93,11.67,11.52,11.06,10.87,11.06,11.62,11.86,11.95,12.03,12.04,11.91
United States,USA,2011,5,"11,656,410","97,689,100","126,064,856",11.93,11.67,11.52,11.06,10.87,11.06,11.62,11.86,11.95,12.03,12.04,11.91,11.91
United States,USA,2011,4,"10,936,439","93,701,637","125,795,504",11.67,11.52,11.06,10.87,11.06,11.62,11.86,11.95,12.03,12.04,11.91,11.91,11.71
United States,USA,2011,3,"12,089,853","104,922,125","126,538,410",11.52,11.06,10.87,11.06,11.62,11.86,11.95,12.03,12.04,11.91,11.91,11.71,11.11
United States,USA,2011,2,"13,283,864","120,109,972","125,324,801",11.06,10.87,11.06,11.62,11.86,11.95,12.03,12.04,11.91,11.91,11.71,11.11,10.89
United States,USA,2011,1,"15,771,431","145,061,686","125,335,632",10.87,11.06,11.62,11.86,11.95,12.03,12.04,11.91,11.91,11.71,11.11,10.89,10.49
United States,USA,2010,12,"14,383,767","130,013,886","126,403,956",11.06,11.62,11.86,11.95,12.03,12.04,11.91,11.91,11.71,11.11,10.89,10.49,10.9
United States,USA,2010,11,"10,827,343","93,166,140","125,845,114",11.62,11.86,11.95,12.03,12.04,11.91,11.91,11.71,11.11,10.89,10.49,10.9,11.26
United States,USA,2010,10,"11,471,215","96,688,034","126,056,303",11.86,11.95,12.03,12.04,11.91,11.91,11.71,11.11,10.89,10.49,10.9,11.26,11.65
United States,USA,2010,9,"14,889,607","124,582,734","126,015,980",11.95,12.03,12.04,11.91,11.91,11.71,11.11,10.89,10.49,10.9,11.26,11.65,11.96
United States,USA,2010,8,"18,529,160","154,053,428","125,990,509",12.03,12.04,11.91,11.91,11.71,11.11,10.89,10.49,10.9,11.26,11.65,11.96,11.94
United States,USA,2010,7,"18,619,494","154,688,713","126,011,081",12.04,11.91,11.91,11.71,11.11,10.89,10.49,10.9,11.26,11.65,11.96,11.94,11.85
United States,USA,2010,6,"15,188,865","127,495,967","125,728,387",11.91,11.91,11.71,11.11,10.89,10.49,10.9,11.26,11.65,11.96,11.94,11.85,11.81
United States,USA,2010,5,"11,295,769","94,843,006","125,349,845",11.91,11.71,11.11,10.89,10.49,10.9,11.26,11.65,11.96,11.94,11.85,11.81,11.78
United States,USA,2010,4,"10,309,069","88,046,437","125,730,839",11.71,11.11,10.89,10.49,10.9,11.26,11.65,11.96,11.94,11.85,11.81,11.78,11.5
United States,USA,2010,3,"12,414,460","111,789,980","125,732,549",11.11,10.89,10.49,10.9,11.26,11.65,11.96,11.94,11.85,11.81,11.78,11.5,11.28
United States,USA,2010,2,"13,374,186","122,840,202","124,842,128",10.89,10.49,10.9,11.26,11.65,11.96,11.94,11.85,11.81,11.78,11.5,11.28,11.18
United States,USA,2010,1,"15,475,103","147,499,876","124,906,507",10.49,10.9,11.26,11.65,11.96,11.94,11.85,11.81,11.78,11.5,11.28,11.18,10.98
United States,USA,2009,12,"13,515,758","124,013,226","125,890,006",10.9,11.26,11.65,11.96,11.94,11.85,11.81,11.78,11.5,11.28,11.18,10.98,10.86
United States,USA,2009,11,"10,474,160","93,027,979","124,998,344",11.26,11.65,11.96,11.94,11.85,11.81,11.78,11.5,11.28,11.18,10.98,10.86,11.42
United States,USA,2009,10,"11,481,043","98,552,024","125,502,921",11.65,11.96,11.94,11.85,11.81,11.78,11.5,11.28,11.18,10.98,10.86,11.42,11.81
United States,USA,2009,9,"13,768,656","115,163,377","125,135,312",11.96,11.94,11.85,11.81,11.78,11.5,11.28,11.18,10.98,10.86,11.42,11.81,11.92
United States,USA,2009,8,"16,504,280","138,222,680","125,197,488",11.94,11.85,11.81,11.78,11.5,11.28,11.18,10.98,10.86,11.42,11.81,11.92,12.09
United States,USA,2009,7,"16,292,455","137,497,959","125,460,675",11.85,11.81,11.78,11.5,11.28,11.18,10.98,10.86,11.42,11.81,11.92,12.09,12.07
United States,USA,2009,6,"13,512,544","114,395,186","125,376,280",11.81,11.78,11.5,11.28,11.18,10.98,10.86,11.42,11.81,11.92,12.09,12.07,11.77
United States,USA,2009,5,"11,107,666","94,312,177","124,841,560",11.78,11.5,11.28,11.18,10.98,10.86,11.42,11.81,11.92,12.09,12.07,11.77,11.4
United States,USA,2009,4,"10,534,466","91,631,164","125,347,278",11.5,11.28,11.18,10.98,10.86,11.42,11.81,11.92,12.09,12.07,11.77,11.4,10.93
United States,USA,2009,3,"12,013,576","106,501,361","125,186,985",11.28,11.18,10.98,10.86,11.42,11.81,11.92,12.09,12.07,11.77,11.4,10.93,10.45
United States,USA,2009,2,"12,884,598","115,212,234","124,706,213",11.18,10.98,10.86,11.42,11.81,11.92,12.09,12.07,11.77,11.4,10.93,10.45,10.16
United States,USA,2009,1,"14,954,358","136,228,785","124,862,256",10.98,10.86,11.42,11.81,11.92,12.09,12.07,11.77,11.4,10.93,10.45,10.16,10.14
United States,USA,2008,12,"13,593,250","125,195,491","125,705,084",10.86,11.42,11.81,11.92,12.09,12.07,11.77,11.4,10.93,10.45,10.16,10.14,10.33
United States,USA,2008,11,"10,932,485","95,766,492","124,567,523",11.42,11.81,11.92,12.09,12.07,11.77,11.4,10.93,10.45,10.16,10.14,10.33,10.7
United States,USA,2008,10,"11,345,930","96,110,591","125,459,531",11.81,11.92,12.09,12.07,11.77,11.4,10.93,10.45,10.16,10.14,10.33,10.7,10.82
United States,USA,2008,9,"13,960,354","117,078,134","125,080,299",11.92,12.09,12.07,11.77,11.4,10.93,10.45,10.16,10.14,10.33,10.7,10.82,10.96
United States,USA,2008,8,"16,736,214","138,459,921","125,219,747",12.09,12.07,11.77,11.4,10.93,10.45,10.16,10.14,10.33,10.7,10.82,10.96,11.07
United States,USA,2008,7,"17,281,317","143,179,153","125,161,249",12.07,11.77,11.4,10.93,10.45,10.16,10.14,10.33,10.7,10.82,10.96,11.07,11.07
United States,USA,2008,6,"14,286,978","121,375,875","125,006,630",11.77,11.4,10.93,10.45,10.16,10.14,10.33,10.7,10.82,10.96,11.07,11.07,11.09
United States,USA,2008,5,"10,517,088","92,245,628","124,847,257",11.4,10.93,10.45,10.16,10.14,10.33,10.7,10.82,10.96,11.07,11.07,11.09,10.77
United States,USA,2008,4,"10,075,293","92,165,896","124,835,939",10.93,10.45,10.16,10.14,10.33,10.7,10.82,10.96,11.07,11.07,11.09,10.77,10.63
United States,USA,2008,3,"11,198,342","107,162,480","124,880,315",10.45,10.16,10.14,10.33,10.7,10.82,10.96,11.07,11.07,11.09,10.77,10.63,10.27
United States,USA,2008,2,"12,045,276","118,553,646","124,603,700",10.16,10.14,10.33,10.7,10.82,10.96,11.07,11.07,11.09,10.77,10.63,10.27,9.89
United States,USA,2008,1,"13,523,938","133,368,439","125,087,168",10.14,10.33,10.7,10.82,10.96,11.07,11.07,11.09,10.77,10.63,10.27,9.89,10.06
United States,USA,2007,12,"12,130,500","117,407,955","103,092,765",10.33,10.7,10.82,10.96,11.07,11.07,11.09,10.77,10.63,10.27,9.89,10.06,9.84
United States,USA,2007,11,"10,263,633","95,904,832","102,990,216",10.7,10.82,10.96,11.07,11.07,11.09,10.77,10.63,10.27,9.89,10.06,9.84,10.18
United States,USA,2007,10,"11,225,631","103,753,920","103,423,402",10.82,10.96,11.07,11.07,11.09,10.77,10.63,10.27,9.89,10.06,9.84,10.18,10.58
United States,USA,2007,9,"14,189,064","129,512,026","102,803,771",10.96,11.07,11.07,11.09,10.77,10.63,10.27,9.89,10.06,9.84,10.18,10.58,10.94
United States,USA,2007,8,"16,621,340","150,101,497","103,227,841",11.07,11.07,11.09,10.77,10.63,10.27,9.89,10.06,9.84,10.18,10.58,10.94,10.94
United States,USA,2007,7,"15,396,270","139,027,031","102,825,564",11.07,11.09,10.77,10.63,10.27,9.89,10.06,9.84,10.18,10.58,10.94,10.94,10.96
United States,USA,2007,6,"13,018,880","117,417,599","102,686,983",11.09,10.77,10.63,10.27,9.89,10.06,9.84,10.18,10.58,10.94,10.94,10.96,10.85
United States,USA,2007,5,"10,384,866","96,388,855","102,962,681",10.77,10.63,10.27,9.89,10.06,9.84,10.18,10.58,10.94,10.94,10.96,10.85,10.61
United States,USA,2007,4,"9,595,248","90,282,045","102,480,481",10.63,10.27,9.89,10.06,9.84,10.18,10.58,10.94,10.94,10.96,10.85,10.61,10.32
United States,USA,2007,3,"10,854,299","105,694,762","102,941,751",10.27,9.89,10.06,9.84,10.18,10.58,10.94,10.94,10.96,10.85,10.61,10.32,9.87
United States,USA,2007,2,"12,016,384","121,464,250","101,927,358",9.89,10.06,9.84,10.18,10.58,10.94,10.94,10.96,10.85,10.61,10.32,9.87,9.8
United States,USA,2007,1,"12,598,800","125,286,236","102,583,586",10.06,9.84,10.18,10.58,10.94,10.94,10.96,10.85,10.61,10.32,9.87,9.8,9.55
United States,USA,2006,12,"11,300,462","114,881,602",.,9.84,10.18,10.58,10.94,10.94,10.96,10.85,10.61,10.32,9.87,9.8,9.55,9.27
United States,USA,2006,11,"9,654,701","94,842,853",.,10.18,10.58,10.94,10.94,10.96,10.85,10.61,10.32,9.87,9.8,9.55,9.27,9.76
United States,USA,2006,10,"10,187,085","96,246,212",.,10.58,10.94,10.94,10.96,10.85,10.61,10.32,9.87,9.8,9.55,9.27,9.76,9.76
United States,USA,2006,9,"12,702,011","116,072,166",.,10.94,10.94,10.96,10.85,10.61,10.32,9.87,9.8,9.55,9.27,9.76,9.76,9.94
United States,USA,2006,8,"16,410,463","150,064,423",.,10.94,10.96,10.85,10.61,10.32,9.87,9.8,9.55,9.27,9.76,9.76,9.94,9.93
United States,USA,2006,7,"16,148,466","147,338,330",.,10.96,10.85,10.61,10.32,9.87,9.8,9.55,9.27,9.76,9.76,9.94,9.93,9.77
United States,USA,2006,6,"12,888,713","118,815,309",.,10.85,10.61,10.32,9.87,9.8,9.55,9.27,9.76,9.76,9.94,9.93,9.77,9.79
United States,USA,2006,5,"9,973,503","93,999,949",.,10.61,10.32,9.87,9.8,9.55,9.27,9.76,9.76,9.94,9.93,9.77,9.79,9.56
United States,USA,2006,4,"9,220,067","89,374,095",.,10.32,9.87,9.8,9.55,9.27,9.76,9.76,9.94,9.93,9.77,9.79,9.56,9.22
United States,USA,2006,3,"10,357,756","104,955,193",.,9.87,9.8,9.55,9.27,9.76,9.76,9.94,9.93,9.77,9.79,9.56,9.22,8.87
United States,USA,2006,2,"10,242,863","104,511,062",.,9.8,9.55,9.27,9.76,9.76,9.94,9.93,9.77,9.79,9.56,9.22,8.87,8.76
United States,USA,2006,1,"11,496,254","120,418,842",.,9.55,9.27,9.76,9.76,9.94,9.93,9.77,9.79,9.56,9.22,8.87,8.76,8.52
United States,USA,2005,12,"11,141,819","120,177,222",.,9.27,9.76,9.76,9.94,9.93,9.77,9.79,9.56,9.22,8.87,8.76,8.52,8.58
United States,USA,2005,11,"8,948,518","91,686,571",.,9.76,9.76,9.94,9.93,9.77,9.79,9.56,9.22,8.87,8.76,8.52,8.58,8.96
United States,USA,2005,10,"10,017,956","102,685,880",.,9.76,9.94,9.93,9.77,9.79,9.56,9.22,8.87,8.76,8.52,8.58,8.96,9.05
United States,USA,2005,9,"12,569,628","126,515,636",.,9.94,9.93,9.77,9.79,9.56,9.22,8.87,8.76,8.52,8.58,8.96,9.05,9.39
United States,USA,2005,8,"14,586,823","146,904,780",.,9.93,9.77,9.79,9.56,9.22,8.87,8.76,8.52,8.58,8.96,9.05,9.39,9.5
United States,USA,2005,7,"14,110,295","144,476,337",.,9.77,9.79,9.56,9.22,8.87,8.76,8.52,8.58,8.96,9.05,9.39,9.5,9.36
United States,USA,2005,6,"11,416,928","116,627,439",.,9.79,9.56,9.22,8.87,8.76,8.52,8.58,8.96,9.05,9.39,9.5,9.36,9.29
United States,USA,2005,5,"8,350,401","87,384,114",.,9.56,9.22,8.87,8.76,8.52,8.58,8.96,9.05,9.39,9.5,9.36,9.29,9.07
United States,USA,2005,4,"8,001,763","86,749,161",.,9.22,8.87,8.76,8.52,8.58,8.96,9.05,9.39,9.5,9.36,9.29,9.07,8.93
United States,USA,2005,3,"9,235,419","104,065,205",.,8.87,8.76,8.52,8.58,8.96,9.05,9.39,9.5,9.36,9.29,9.07,8.93,8.62
United States,USA,2005,2,"9,341,215","106,666,913",.,8.76,8.52,8.58,8.96,9.05,9.39,9.5,9.36,9.29,9.07,8.93,8.62,8.33
United States,USA,2005,1,"10,671,906","125,287,859",.,8.52,8.58,8.96,9.05,9.39,9.5,9.36,9.29,9.07,8.93,8.62,8.33,8.24
United States,USA,2004,12,"9,775,013","113,956,434",.,8.58,8.96,9.05,9.39,9.5,9.36,9.29,9.07,8.93,8.62,8.33,8.24,8.3
United States,USA,2004,11,"8,037,046","89,649,741",.,8.96,9.05,9.39,9.5,9.36,9.29,9.07,8.93,8.62,8.33,8.24,8.3,8.72
United States,USA,2004,10,"8,463,291","93,466,170",.,9.05,9.39,9.5,9.36,9.29,9.07,8.93,8.62,8.33,8.24,8.3,8.72,8.85
United States,USA,2004,9,"10,545,117","112,337,694",.,9.39,9.5,9.36,9.29,9.07,8.93,8.62,8.33,8.24,8.3,8.72,8.85,8.92
United States,USA,2004,8,"12,012,403","126,423,339",.,9.5,9.36,9.29,9.07,8.93,8.62,8.33,8.24,8.3,8.72,8.85,8.92,9.22
United States,USA,2004,7,"12,100,201","129,305,351",.,9.36,9.29,9.07,8.93,8.62,8.33,8.24,8.3,8.72,8.85,8.92,9.22,9.21
United States,USA,2004,6,"10,440,532","112,335,130",.,9.29,9.07,8.93,8.62,8.33,8.24,8.3,8.72,8.85,8.92,9.22,9.21,9.25
United States,USA,2004,5,"8,214,790","90,598,212",.,9.07,8.93,8.62,8.33,8.24,8.3,8.72,8.85,8.92,9.22,9.21,9.25,8.99
United States,USA,2004,4,"7,628,046","85,376,867",.,8.93,8.62,8.33,8.24,8.3,8.72,8.85,8.92,9.22,9.21,9.25,8.99,8.82
United States,USA,2004,3,"8,524,783","98,947,208",.,8.62,8.33,8.24,8.3,8.72,8.85,8.92,9.22,9.21,9.25,8.99,8.82,8.35
United States,USA,2004,2,"9,362,929","112,464,058",.,8.33,8.24,8.3,8.72,8.85,8.92,9.22,9.21,9.25,8.99,8.82,8.35,8.02
United States,USA,2004,1,"10,472,997","127,121,384",.,8.24,8.3,8.72,8.85,8.92,9.22,9.21,9.25,8.99,8.82,8.35,8.02,8
United States,USA,2003,12,"9,387,899","113,083,852",.,8.3,8.72,8.85,8.92,9.22,9.21,9.25,8.99,8.82,8.35,8.02,8,8.08
United States,USA,2003,11,"7,558,533","86,658,680",.,8.72,8.85,8.92,9.22,9.21,9.25,8.99,8.82,8.35,8.02,8,8.08,8.31
United States,USA,2003,10,"7,942,396","89,780,862",.,8.85,8.92,9.22,9.21,9.25,8.99,8.82,8.35,8.02,8,8.08,8.31,8.47
United States,USA,2003,9,"10,153,150","113,848,981",.,8.92,9.22,9.21,9.25,8.99,8.82,8.35,8.02,8,8.08,8.31,8.47,8.59
United States,USA,2003,8,"12,394,641","134,467,800",.,9.22,9.21,9.25,8.99,8.82,8.35,8.02,8,8.08,8.31,8.47,8.59,8.72
United States,USA,2003,7,"12,032,831","130,673,856",.,9.21,9.25,8.99,8.82,8.35,8.02,8,8.08,8.31,8.47,8.59,8.72,8.82
United States,USA,2003,6,"9,370,511","101,285,789",.,9.25,8.99,8.82,8.35,8.02,8,8.08,8.31,8.47,8.59,8.72,8.82,8.73
United States,USA,2003,5,"7,897,363","87,804,372",.,8.99,8.82,8.35,8.02,8,8.08,8.31,8.47,8.59,8.72,8.82,8.73,8.64
United States,USA,2003,4,"7,357,358","83,448,247",.,8.82,8.35,8.02,8,8.08,8.31,8.47,8.59,8.72,8.82,8.73,8.64,8.37
United States,USA,2003,3,"8,312,085","99,561,314",.,8.35,8.02,8,8.08,8.31,8.47,8.59,8.72,8.82,8.73,8.64,8.37,8.17
United States,USA,2003,2,"8,896,589","110,937,374",.,8.02,8,8.08,8.31,8.47,8.59,8.72,8.82,8.73,8.64,8.37,8.17,8.19
United States,USA,2003,1,"9,945,573","124,272,787",.,8,8.08,8.31,8.47,8.59,8.72,8.82,8.73,8.64,8.37,8.17,8.19,8.07
United States,USA,2002,12,"8,827,694","109,266,377",.,8.08,8.31,8.47,8.59,8.72,8.82,8.73,8.64,8.37,8.17,8.19,8.07,8.29
United States,USA,2002,11,"7,378,042","88,822,306",.,8.31,8.47,8.59,8.72,8.82,8.73,8.64,8.37,8.17,8.19,8.07,8.29,8.47
United States,USA,2002,10,"8,002,931","94,531,344",.,8.47,8.59,8.72,8.82,8.73,8.64,8.37,8.17,8.19,8.07,8.29,8.47,8.84
United States,USA,2002,9,"9,949,057","115,833,032",.,8.59,8.72,8.82,8.73,8.64,8.37,8.17,8.19,8.07,8.29,8.47,8.84,8.92
United States,USA,2002,8,"11,709,784","134,332,469",.,8.72,8.82,8.73,8.64,8.37,8.17,8.19,8.07,8.29,8.47,8.84,8.92,9.01
United States,USA,2002,7,"11,790,051","133,694,801",.,8.82,8.73,8.64,8.37,8.17,8.19,8.07,8.29,8.47,8.84,8.92,9.01,9.03
United States,USA,2002,6,"9,359,467","107,169,994",.,8.73,8.64,8.37,8.17,8.19,8.07,8.29,8.47,8.84,8.92,9.01,9.03,9.07
United States,USA,2002,5,"7,544,588","87,318,536",.,8.64,8.37,8.17,8.19,8.07,8.29,8.47,8.84,8.92,9.01,9.03,9.07,8.83
United States,USA,2002,4,"7,151,002","85,407,608",.,8.37,8.17,8.19,8.07,8.29,8.47,8.84,8.92,9.01,9.03,9.07,8.83,8.46
United States,USA,2002,3,"7,785,076","95,318,666",.,8.17,8.19,8.07,8.29,8.47,8.84,8.92,9.01,9.03,9.07,8.83,8.46,8.32
United States,USA,2002,2,"7,907,248","96,592,935",.,8.19,8.07,8.29,8.47,8.84,8.92,9.01,9.03,9.07,8.83,8.46,8.32,8.04
United States,USA,2002,1,"9,428,627","116,891,802",.,8.07,8.29,8.47,8.84,8.92,9.01,9.03,9.07,8.83,8.46,8.32,8.04,7.73
United States,USA,2001,12,"7,973,907","96,184,056",.,8.29,8.47,8.84,8.92,9.01,9.03,9.07,8.83,8.46,8.32,8.04,7.73,7.82
United States,USA,2001,11,"6,847,694","80,806,698",.,8.47,8.84,8.92,9.01,9.03,9.07,8.83,8.46,8.32,8.04,7.73,7.82,8.16
United States,USA,2001,10,"7,553,901","85,419,586",.,8.84,8.92,9.01,9.03,9.07,8.83,8.46,8.32,8.04,7.73,7.82,8.16,8.49
United States,USA,2001,9,"9,453,714","105,943,194",.,8.92,9.01,9.03,9.07,8.83,8.46,8.32,8.04,7.73,7.82,8.16,8.49,8.5
United States,USA,2001,8,"11,645,418","129,205,363",.,9.01,9.03,9.07,8.83,8.46,8.32,8.04,7.73,7.82,8.16,8.49,8.5,8.62
United States,USA,2001,7,"10,901,212","120,707,430",.,9.03,9.07,8.83,8.46,8.32,8.04,7.73,7.82,8.16,8.49,8.5,8.62,8.6
United States,USA,2001,6,"9,013,944","99,407,293",.,9.07,8.83,8.46,8.32,8.04,7.73,7.82,8.16,8.49,8.5,8.62,8.6,8.56
United States,USA,2001,5,"7,216,658","81,731,154",.,8.83,8.46,8.32,8.04,7.73,7.82,8.16,8.49,8.5,8.62,8.6,8.56,8.35
United States,USA,2001,4,"6,973,546","82,453,781",.,8.46,8.32,8.04,7.73,7.82,8.16,8.49,8.5,8.62,8.6,8.56,8.35,8.16
United States,USA,2001,3,"7,721,426","92,804,586",.,8.32,8.04,7.73,7.82,8.16,8.49,8.5,8.62,8.6,8.56,8.35,8.16,8.1
United States,USA,2001,2,"8,029,637","99,877,669",.,8.04,7.73,7.82,8.16,8.49,8.5,8.62,8.6,8.56,8.35,8.16,8.1,7.71
United States,USA,2001,1,"9,826,812","127,065,784",.,7.73,7.82,8.16,8.49,8.5,8.62,8.6,8.56,8.35,8.16,8.1,7.71,7.66
United States,USA,2000,12,"8,853,120","113,141,368",.,7.82,8.16,8.49,8.5,8.62,8.6,8.56,8.35,8.16,8.1,7.71,7.66,7.94
United States,USA,2000,11,"6,895,352","84,482,232",.,8.16,8.49,8.5,8.62,8.6,8.56,8.35,8.16,8.1,7.71,7.66,7.94,8.11
United States,USA,2000,10,"7,372,335","86,811,220",.,8.49,8.5,8.62,8.6,8.56,8.35,8.16,8.1,7.71,7.66,7.94,8.11,8.36
United States,USA,2000,9,"9,228,178","108,530,749",.,8.5,8.62,8.6,8.56,8.35,8.16,8.1,7.71,7.66,7.94,8.11,8.36,8.36
United States,USA,2000,8,"10,666,199","123,700,339",.,8.62,8.6,8.56,8.35,8.16,8.1,7.71,7.66,7.94,8.11,8.36,8.36,8.42
United States,USA,2000,7,"10,276,112","119,464,453",.,8.6,8.56,8.35,8.16,8.1,7.71,7.66,7.94,8.11,8.36,8.36,8.42,8.49
United States,USA,2000,6,"8,896,498","103,985,607",.,8.56,8.35,8.16,8.1,7.71,7.66,7.94,8.11,8.36,8.36,8.42,8.49,8.43
United States,USA,2000,5,"6,956,648","83,336,096",.,8.35,8.16,8.1,7.71,7.66,7.94,8.11,8.36,8.36,8.42,8.49,8.43,8.27
United States,USA,2000,4,"6,218,678","76,197,378",.,8.16,8.1,7.71,7.66,7.94,8.11,8.36,8.36,8.42,8.49,8.43,8.27,8.09
United States,USA,2000,3,"6,853,914","84,624,330",.,8.1,7.71,7.66,7.94,8.11,8.36,8.36,8.42,8.49,8.43,8.27,8.09,7.9
United States,USA,2000,2,"7,600,183","98,561,597",.,7.71,7.66,7.94,8.11,8.36,8.36,8.42,8.49,8.43,8.27,8.09,7.9,7.92
United States,USA,2000,1,"8,392,174","109,611,122",.,7.66,7.94,8.11,8.36,8.36,8.42,8.49,8.43,8.27,8.09,7.9,7.92,7.58
United States,USA,1999,12,"7,554,163","95,126,509",.,7.94,8.11,8.36,8.36,8.42,8.49,8.43,8.27,8.09,7.9,7.92,7.58,7.92
United States,USA,1999,11,"6,343,291","78,263,892",.,8.11,8.36,8.36,8.42,8.49,8.43,8.27,8.09,7.9,7.92,7.58,7.92,8.04
United States,USA,1999,10,"6,905,183","82,598,793",.,8.36,8.36,8.42,8.49,8.43,8.27,8.09,7.9,7.92,7.58,7.92,8.04,8.25
United States,USA,1999,9,"8,699,562","104,115,852",.,8.36,8.42,8.49,8.43,8.27,8.09,7.9,7.92,7.58,7.92,8.04,8.25,8.43
United States,USA,1999,8,"10,444,721","124,030,419",.,8.42,8.49,8.43,8.27,8.09,7.9,7.92,7.58,7.92,8.04,8.25,8.43,8.57
United States,USA,1999,7,"10,458,298","123,146,398",.,8.49,8.43,8.27,8.09,7.9,7.92,7.58,7.92,8.04,8.25,8.43,8.57,8.58
United States,USA,1999,6,"8,083,936","95,941,316",.,8.43,8.27,8.09,7.9,7.92,7.58,7.92,8.04,8.25,8.43,8.57,8.58,8.53
United States,USA,1999,5,"6,383,351","77,151,672",.,8.27,8.09,7.9,7.92,7.58,7.92,8.04,8.25,8.43,8.57,8.58,8.53,8.49
United States,USA,1999,4,"6,249,502","77,260,719",.,8.09,7.9,7.92,7.58,7.92,8.04,8.25,8.43,8.57,8.58,8.53,8.49,8.23
United States,USA,1999,3,"7,065,770","89,422,998",.,7.9,7.92,7.58,7.92,8.04,8.25,8.43,8.57,8.58,8.53,8.49,8.23,8.01
United States,USA,1999,2,"6,867,579","86,663,612",.,7.92,7.58,7.92,8.04,8.25,8.43,8.57,8.58,8.53,8.49,8.23,8.01,7.97
United States,USA,1999,1,"8,427,043","111,200,901",.,7.58,7.92,8.04,8.25,8.43,8.57,8.58,8.53,8.49,8.23,8.01,7.97,7.87
United States,USA,1998,12,"7,336,846","92,627,166",.,7.92,8.04,8.25,8.43,8.57,8.58,8.53,8.49,8.23,8.01,7.97,7.87,8.03
United States,USA,1998,11,"6,186,834","76,952,198",.,8.04,8.25,8.43,8.57,8.58,8.53,8.49,8.23,8.01,7.97,7.87,8.03,8.25
United States,USA,1998,10,"7,161,484","86,804,459",.,8.25,8.43,8.57,8.58,8.53,8.49,8.23,8.01,7.97,7.87,8.03,8.25,8.59
United States,USA,1998,9,"8,996,130","106,674,490",.,8.43,8.57,8.58,8.53,8.49,8.23,8.01,7.97,7.87,8.03,8.25,8.59,8.75
United States,USA,1998,8,"10,310,908","120,330,518",.,8.57,8.58,8.53,8.49,8.23,8.01,7.97,7.87,8.03,8.25,8.59,8.75,8.8
United States,USA,1998,7,"10,431,257","121,537,673",.,8.58,8.53,8.49,8.23,8.01,7.97,7.87,8.03,8.25,8.59,8.75,8.8,8.74
United States,USA,1998,6,"8,396,931","98,488,751",.,8.53,8.49,8.23,8.01,7.97,7.87,8.03,8.25,8.59,8.75,8.8,8.74,8.91
United States,USA,1998,5,"6,576,442","77,482,558",.,8.49,8.23,8.01,7.97,7.87,8.03,8.25,8.59,8.75,8.8,8.74,8.91,8.65
United States,USA,1998,4,"6,103,365","74,143,625",.,8.23,8.01,7.97,7.87,8.03,8.25,8.59,8.75,8.8,8.74,8.91,8.65,8.38
United States,USA,1998,3,"6,885,324","85,964,291",.,8.01,7.97,7.87,8.03,8.25,8.59,8.75,8.8,8.74,8.91,8.65,8.38,8.24
United States,USA,1998,2,"6,901,888","86,554,306",.,7.97,7.87,8.03,8.25,8.59,8.75,8.8,8.74,8.91,8.65,8.38,8.24,7.98
United States,USA,1998,1,"8,072,725","102,549,076",.,7.87,8.03,8.25,8.59,8.75,8.8,8.74,8.91,8.65,8.38,8.24,7.98,7.87
United States,USA,1997,12,"7,692,126","95,770,748",.,8.03,8.25,8.59,8.75,8.8,8.74,8.91,8.65,8.38,8.24,7.98,7.87,7.99
United States,USA,1997,11,"6,598,046","80,004,670",.,8.25,8.59,8.75,8.8,8.74,8.91,8.65,8.38,8.24,7.98,7.87,7.99,8.25
United States,USA,1997,10,"7,221,499","84,076,576",.,8.59,8.75,8.8,8.74,8.91,8.65,8.38,8.24,7.98,7.87,7.99,8.25,8.67
United States,USA,1997,9,"8,292,098","94,772,742",.,8.75,8.8,8.74,8.91,8.65,8.38,8.24,7.98,7.87,7.99,8.25,8.67,8.79
United States,USA,1997,8,"9,410,294","106,961,650",.,8.8,8.74,8.91,8.65,8.38,8.24,7.98,7.87,7.99,8.25,8.67,8.79,8.87
United States,USA,1997,7,"9,558,178","109,342,525",.,8.74,8.91,8.65,8.38,8.24,7.98,7.87,7.99,8.25,8.67,8.79,8.87,8.74
United States,USA,1997,6,"7,449,404","83,568,904",.,8.91,8.65,8.38,8.24,7.98,7.87,7.99,8.25,8.67,8.79,8.87,8.74,8.65
United States,USA,1997,5,"6,124,668","70,778,999",.,8.65,8.38,8.24,7.98,7.87,7.99,8.25,8.67,8.79,8.87,8.74,8.65,8.53
United States,USA,1997,4,"6,095,060","72,745,622",.,8.38,8.24,7.98,7.87,7.99,8.25,8.67,8.79,8.87,8.74,8.65,8.53,8.24
United States,USA,1997,3,"6,709,371","81,426,550",.,8.24,7.98,7.87,7.99,8.25,8.67,8.79,8.87,8.74,8.65,8.53,8.24,8.08
United States,USA,1997,2,"7,202,164","90,264,759",.,7.98,7.87,7.99,8.25,8.67,8.79,8.87,8.74,8.65,8.53,8.24,8.08,7.81
United States,USA,1997,1,"8,351,041","106,166,352",.,7.87,7.99,8.25,8.67,8.79,8.87,8.74,8.65,8.53,8.24,8.08,7.81,7.75
United States,USA,1996,12,"7,487,852","93,715,950",.,7.99,8.25,8.67,8.79,8.87,8.74,8.65,8.53,8.24,8.08,7.81,7.75,8.01
United States,USA,1996,11,"6,451,761","78,242,218",.,8.25,8.67,8.79,8.87,8.74,8.65,8.53,8.24,8.08,7.81,7.75,8.01,8.26
United States,USA,1996,10,"6,538,565","75,385,584",.,8.67,8.79,8.87,8.74,8.65,8.53,8.24,8.08,7.81,7.75,8.01,8.26,8.65
United States,USA,1996,9,"8,054,464","91,597,559",.,8.79,8.87,8.74,8.65,8.53,8.24,8.08,7.81,7.75,8.01,8.26,8.65,8.57
United States,USA,1996,8,"9,359,694","105,560,260",.,8.87,8.74,8.65,8.53,8.24,8.08,7.81,7.75,8.01,8.26,8.65,8.57,8.78
United States,USA,1996,7,"9,273,522","106,127,815",.,8.74,8.65,8.53,8.24,8.08,7.81,7.75,8.01,8.26,8.65,8.57,8.78,8.8
United States,USA,1996,6,"7,869,643","90,953,853",.,8.65,8.53,8.24,8.08,7.81,7.75,8.01,8.26,8.65,8.57,8.78,8.8,8.72
United States,USA,1996,5,"6,362,441","74,546,420",.,8.53,8.24,8.08,7.81,7.75,8.01,8.26,8.65,8.57,8.78,8.8,8.72,8.53
United States,USA,1996,4,"6,147,888","74,616,352",.,8.24,8.08,7.81,7.75,8.01,8.26,8.65,8.57,8.78,8.8,8.72,8.53,8.41
United States,USA,1996,3,"7,034,439","87,036,513",.,8.08,7.81,7.75,8.01,8.26,8.65,8.57,8.78,8.8,8.72,8.53,8.41,8.14
United States,USA,1996,2,"7,502,158","96,117,981",.,7.81,7.75,8.01,8.26,8.65,8.57,8.78,8.8,8.72,8.53,8.41,8.14,8.01
United States,USA,1996,1,"8,420,516","108,611,243",.,7.75,8.01,8.26,8.65,8.57,8.78,8.8,8.72,8.53,8.41,8.14,8.01,7.85
United States,USA,1995,12,"7,405,158","92,392,875",.,8.01,8.26,8.65,8.57,8.78,8.8,8.72,8.53,8.41,8.14,8.01,7.85,8.06
United States,USA,1995,11,"6,354,167","76,927,182",.,8.26,8.65,8.57,8.78,8.8,8.72,8.53,8.41,8.14,8.01,7.85,8.06,8.29
United States,USA,1995,10,"6,465,421","74,749,499",.,8.65,8.57,8.78,8.8,8.72,8.53,8.41,8.14,8.01,7.85,8.06,8.29,8.56
United States,USA,1995,9,"8,050,639","93,908,245",.,8.57,8.78,8.8,8.72,8.53,8.41,8.14,8.01,7.85,8.06,8.29,8.56,8.82
United States,USA,1995,8,"10,089,618","114,889,114",.,8.78,8.8,8.72,8.53,8.41,8.14,8.01,7.85,8.06,8.29,8.56,8.82,8.84
United States,USA,1995,7,"9,156,463","104,022,361",.,8.8,8.72,8.53,8.41,8.14,8.01,7.85,8.06,8.29,8.56,8.82,8.84,8.8
United States,USA,1995,6,"7,347,050","84,229,052",.,8.72,8.53,8.41,8.14,8.01,7.85,8.06,8.29,8.56,8.82,8.84,8.8,8.77
United States,USA,1995,5,"5,980,633","70,102,383",.,8.53,8.41,8.14,8.01,7.85,8.06,8.29,8.56,8.82,8.84,8.8,8.77,8.53
United States,USA,1995,4,"5,769,008","68,584,474",.,8.41,8.14,8.01,7.85,8.06,8.29,8.56,8.82,8.84,8.8,8.77,8.53,8.3
United States,USA,1995,3,"6,467,944","79,464,735",.,8.14,8.01,7.85,8.06,8.29,8.56,8.82,8.84,8.8,8.77,8.53,8.3,8.08
United States,USA,1995,2,"6,942,240","86,678,934",.,8.01,7.85,8.06,8.29,8.56,8.82,8.84,8.8,8.77,8.53,8.3,8.08,7.85
United States,USA,1995,1,"7,581,252","96,552,600",.,7.85,8.06,8.29,8.56,8.82,8.84,8.8,8.77,8.53,8.3,8.08,7.85,7.74
United States,USA,1994,12,"6,922,948","85,867,486",.,8.06,8.29,8.56,8.82,8.84,8.8,8.77,8.53,8.3,8.08,7.85,7.74,7.9
United States,USA,1994,11,"5,890,014","71,073,494",.,8.29,8.56,8.82,8.84,8.8,8.77,8.53,8.3,8.08,7.85,7.74,7.9,8.21
United States,USA,1994,10,"6,138,189","71,685,160",.,8.56,8.82,8.84,8.8,8.77,8.53,8.3,8.08,7.85,7.74,7.9,8.21,8.76
United States,USA,1994,9,"7,530,488","85,350,828",.,8.82,8.84,8.8,8.77,8.53,8.3,8.08,7.85,7.74,7.9,8.21,8.76,8.79
United States,USA,1994,8,"8,557,260","96,751,342",.,8.84,8.8,8.77,8.53,8.3,8.08,7.85,7.74,7.9,8.21,8.76,8.79,8.73
United States,USA,1994,7,"9,117,275","103,618,549",.,8.8,8.77,8.53,8.3,8.08,7.85,7.74,7.9,8.21,8.76,8.79,8.73,8.73
United States,USA,1994,6,"7,375,490","84,094,554",.,8.77,8.53,8.3,8.08,7.85,7.74,7.9,8.21,8.76,8.79,8.73,8.73,8.74
United States,USA,1994,5,"5,727,649","67,156,660",.,8.53,8.3,8.08,7.85,7.74,7.9,8.21,8.76,8.79,8.73,8.73,8.74,8.56
United States,USA,1994,4,"5,766,298","69,492,472",.,8.3,8.08,7.85,7.74,7.9,8.21,8.76,8.79,8.73,8.73,8.74,8.56,8.13
United States,USA,1994,3,"6,455,611","79,883,397",.,8.08,7.85,7.74,7.9,8.21,8.76,8.79,8.73,8.73,8.74,8.56,8.13,7.8
United States,USA,1994,2,"7,037,001","89,682,978",.,7.85,7.74,7.9,8.21,8.76,8.79,8.73,8.73,8.74,8.56,8.13,7.8,7.79
United States,USA,1994,1,"8,034,088","103,824,773",.,7.74,7.9,8.21,8.76,8.79,8.73,8.73,8.74,8.56,8.13,7.8,7.79,7.73
United States,USA,1993,12,"6,928,652","87,694,328",.,7.9,8.21,8.76,8.79,8.73,8.73,8.74,8.56,8.13,7.8,7.79,7.73,7.86
United States,USA,1993,11,"5,969,679","72,725,759",.,8.21,8.76,8.79,8.73,8.73,8.74,8.56,8.13,7.8,7.79,7.73,7.86,8.14
United States,USA,1993,10,"6,286,560","71,786,478",.,8.76,8.79,8.73,8.73,8.74,8.56,8.13,7.8,7.79,7.73,7.86,8.14,8.44
United States,USA,1993,9,"7,818,066","88,905,699",.,8.79,8.73,8.73,8.74,8.56,8.13,7.8,7.79,7.73,7.86,8.14,8.44,8.59
United States,USA,1993,8,"8,925,408","102,191,754",.,8.73,8.73,8.74,8.56,8.13,7.8,7.79,7.73,7.86,8.14,8.44,8.59,8.56
United States,USA,1993,7,"8,824,274","101,040,539",.,8.73,8.74,8.56,8.13,7.8,7.79,7.73,7.86,8.14,8.44,8.59,8.56,8.54
United States,USA,1993,6,"6,694,215","76,580,103",.,8.74,8.56,8.13,7.8,7.79,7.73,7.86,8.14,8.44,8.59,8.56,8.54,8.61
United States,USA,1993,5,"5,467,973","63,882,663",.,8.56,8.13,7.8,7.79,7.73,7.86,8.14,8.44,8.59,8.56,8.54,8.61,8.38
United States,USA,1993,4,"5,664,889","69,702,639",.,8.13,7.8,7.79,7.73,7.86,8.14,8.44,8.59,8.56,8.54,8.61,8.38,8.03
United States,USA,1993,3,"6,478,070","83,053,786",.,7.8,7.79,7.73,7.86,8.14,8.44,8.59,8.56,8.54,8.61,8.38,8.03,8.01
United States,USA,1993,2,"6,502,009","83,424,707",.,7.79,7.73,7.86,8.14,8.44,8.59,8.56,8.54,8.61,8.38,8.03,8.01,7.78
United States,USA,1993,1,"7,254,032","93,792,370",.,7.73,7.86,8.14,8.44,8.59,8.56,8.54,8.61,8.38,8.03,8.01,7.78,7.7
United States,USA,1992,12,"6,875,097","87,519,433",.,7.86,8.14,8.44,8.59,8.56,8.54,8.61,8.38,8.03,8.01,7.78,7.7,7.81
United States,USA,1992,11,"5,701,690","70,061,583",.,8.14,8.44,8.59,8.56,8.54,8.61,8.38,8.03,8.01,7.78,7.7,7.81,7.95
United States,USA,1992,10,"5,904,768","69,962,112",.,8.44,8.59,8.56,8.54,8.61,8.38,8.03,8.01,7.78,7.7,7.81,7.95,8.32
United States,USA,1992,9,"6,838,048","79,592,966",.,8.59,8.56,8.54,8.61,8.38,8.03,8.01,7.78,7.7,7.81,7.95,8.32,8.37
United States,USA,1992,8,"7,578,221","88,505,744",.,8.56,8.54,8.61,8.38,8.03,8.01,7.78,7.7,7.81,7.95,8.32,8.37,8.41
United States,USA,1992,7,"7,580,956","88,765,464",.,8.54,8.61,8.38,8.03,8.01,7.78,7.7,7.81,7.95,8.32,8.37,8.41,8.38
United States,USA,1992,6,"6,106,650","70,906,637",.,8.61,8.38,8.03,8.01,7.78,7.7,7.81,7.95,8.32,8.37,8.41,8.38,8.32
United States,USA,1992,5,"5,431,696","64,782,539",.,8.38,8.03,8.01,7.78,7.7,7.81,7.95,8.32,8.37,8.41,8.38,8.32,8.14
United States,USA,1992,4,"5,496,663","68,450,124",.,8.03,8.01,7.78,7.7,7.81,7.95,8.32,8.37,8.41,8.38,8.32,8.14,7.98
United States,USA,1992,3,"5,905,430","73,753,733",.,8.01,7.78,7.7,7.81,7.95,8.32,8.37,8.41,8.38,8.32,8.14,7.98,7.79
United States,USA,1992,2,"6,388,561","82,166,086",.,7.78,7.7,7.81,7.95,8.32,8.37,8.41,8.38,8.32,8.14,7.98,7.79,7.61
United States,USA,1992,1,"7,040,577","91,472,367",.,7.7,7.81,7.95,8.32,8.37,8.41,8.38,8.32,8.14,7.98,7.79,7.61,7.41
United States,USA,1991,12,"6,394,190","81,919,575",.,7.81,7.95,8.32,8.37,8.41,8.38,8.32,8.14,7.98,7.79,7.61,7.41,7.61
United States,USA,1991,11,"5,639,474","70,906,273",.,7.95,8.32,8.37,8.41,8.38,8.32,8.14,7.98,7.79,7.61,7.41,7.61,7.8
United States,USA,1991,10,"5,759,763","69,256,478",.,8.32,8.37,8.41,8.38,8.32,8.14,7.98,7.79,7.61,7.41,7.61,7.8,8.04
United States,USA,1991,9,"7,074,557","84,536,461",.,8.37,8.41,8.38,8.32,8.14,7.98,7.79,7.61,7.41,7.61,7.8,8.04,8.15
United States,USA,1991,8,"7,822,087","92,966,539",.,8.41,8.38,8.32,8.14,7.98,7.79,7.61,7.41,7.61,7.8,8.04,8.15,8.24
United States,USA,1991,7,"7,924,413","94,569,114",.,8.38,8.32,8.14,7.98,7.79,7.61,7.41,7.61,7.8,8.04,8.15,8.24,8.18
United States,USA,1991,6,"6,734,265","80,947,065",.,8.32,8.14,7.98,7.79,7.61,7.41,7.61,7.8,8.04,8.15,8.24,8.18,8.1
United States,USA,1991,5,"5,478,459","67,266,873",.,8.14,7.98,7.79,7.61,7.41,7.61,7.8,8.04,8.15,8.24,8.18,8.1,7.96
United States,USA,1991,4,"5,256,024","65,887,836",.,7.98,7.79,7.61,7.41,7.61,7.8,8.04,8.15,8.24,8.18,8.1,7.96,7.69
United States,USA,1991,3,"5,750,968","73,862,548",.,7.79,7.61,7.41,7.61,7.8,8.04,8.15,8.24,8.18,8.1,7.96,7.69,7.57
United States,USA,1991,2,"6,041,939","79,444,016",.,7.61,7.41,7.61,7.8,8.04,8.15,8.24,8.18,8.1,7.96,7.69,7.57,7.48
United States,USA,1991,1,"6,951,839","93,854,576",.,7.41,7.61,7.8,8.04,8.15,8.24,8.18,8.1,7.96,7.69,7.57,7.48,7.17
,,,,,,,,,,,,,,,,,,,
,,,,,,,,,,,,,,,,,,,
,,,,,,,,,,,,,,,,,,,
,,,,,,,,,,,,,,,,,,,
,,,,,,,,,,,,,,,,,,,
,,,,,,,,,,,,,,,,,,,
,,,,,,,,,,,,,,,,,,,
,,,,,,,,,,,,,,,,,,,
,,,,,,,,,,,,,,,,,,,
,,,,,,,,,,,,,,,,,,,
,,,,,,,,,,,,,,,,,,,
,,,,,,,,,,,,,,,,,,,
