oil_price,year,month,location,oil_price_lag_1m,oil_price_lag_2m,oil_price_lag_3m,oil_price_lag_4m,oil_price_lag_5m,oil_price_lag_6m
27.501304347826085,2003,7,AUS,26.77857142857143,25.629545454545454,25.239047619047618,29.44,31.6435,30.336363636363636
28.694285714285716,2003,8,AUS,27.501304347826085,26.77857142857143,25.629545454545454,25.239047619047618,29.44,31.6435
26.150909090909092,2003,9,AUS,28.694285714285716,27.501304347826085,26.77857142857143,25.629545454545454,25.239047619047618,29.44
28.34913043478261,2003,10,AUS,26.150909090909092,28.694285714285716,27.501304347826085,26.77857142857143,25.629545454545454,25.239047619047618
28.482499999999998,2003,11,AUS,28.34913043478261,26.150909090909092,28.694285714285716,27.501304347826085,26.77857142857143,25.629545454545454
29.56952380952381,2003,12,AUS,28.482499999999998,28.34913043478261,26.150909090909092,28.694285714285716,27.501304347826085,26.77857142857143
30.2647619047619,2004,1,AUS,29.56952380952381,28.482499999999998,28.34913043478261,26.150909090909092,28.694285714285716,27.501304347826085
29.628500000000003,2004,2,AUS,30.2647619047619,29.56952380952381,28.482499999999998,28.34913043478261,26.150909090909092,28.694285714285716
32.22652173913043,2004,3,AUS,29.628500000000003,30.2647619047619,29.56952380952381,28.482499999999998,28.34913043478261,26.150909090909092
32.26380952380952,2004,4,AUS,32.22652173913043,29.628500000000003,30.2647619047619,29.56952380952381,28.482499999999998,28.34913043478261
36.36571428571428,2004,5,AUS,32.26380952380952,32.22652173913043,29.628500000000003,30.2647619047619,29.56952380952381,28.482499999999998
34.49045454545455,2004,6,AUS,36.36571428571428,32.26380952380952,32.22652173913043,29.628500000000003,30.2647619047619,29.56952380952381
36.30681818181818,2004,7,AUS,34.49045454545455,36.36571428571428,32.26380952380952,32.22652173913043,29.628500000000003,30.2647619047619
40.41909090909091,2004,8,AUS,36.30681818181818,34.49045454545455,36.36571428571428,32.26380952380952,32.22652173913043,29.628500000000003
40.21272727272728,2004,9,AUS,40.41909090909091,36.30681818181818,34.49045454545455,36.36571428571428,32.26380952380952,32.22652173913043
45.08380952380952,2004,10,AUS,40.21272727272728,40.41909090909091,36.30681818181818,34.49045454545455,36.36571428571428,32.26380952380952
38.594545454545454,2004,11,AUS,45.08380952380952,40.21272727272728,40.41909090909091,36.30681818181818,34.49045454545455,36.36571428571428
35.84913043478261,2004,12,AUS,38.594545454545454,45.08380952380952,40.21272727272728,40.41909090909091,36.30681818181818,34.49045454545455
40.523809523809526,2005,1,AUS,35.84913043478261,38.594545454545454,45.08380952380952,40.21272727272728,40.41909090909091,36.30681818181818
42.197500000000005,2005,2,AUS,40.523809523809526,35.84913043478261,38.594545454545454,45.08380952380952,40.21272727272728,40.41909090909091
49.49454545454545,2005,3,AUS,42.197500000000005,40.523809523809526,35.84913043478261,38.594545454545454,45.08380952380952,40.21272727272728
49.51047619047619,2005,4,AUS,49.49454545454545,42.197500000000005,40.523809523809526,35.84913043478261,38.594545454545454,45.08380952380952
46.654545454545456,2005,5,AUS,49.51047619047619,49.49454545454545,42.197500000000005,40.523809523809526,35.84913043478261,38.594545454545454
51.69136363636364,2005,6,AUS,46.654545454545456,49.51047619047619,49.49454545454545,42.197500000000005,40.523809523809526,35.84913043478261
53.182380952380946,2005,7,AUS,51.69136363636364,46.654545454545456,49.51047619047619,49.49454545454545,42.197500000000005,40.523809523809526
57.82260869565218,2005,8,AUS,53.182380952380946,51.69136363636364,46.654545454545456,49.51047619047619,49.49454545454545,42.197500000000005
58.04772727272727,2005,9,AUS,57.82260869565218,53.182380952380946,51.69136363636364,46.654545454545456,49.51047619047619,49.49454545454545
54.34619047619047,2005,10,AUS,58.04772727272727,57.82260869565218,53.182380952380946,51.69136363636364,46.654545454545456,49.51047619047619
51.13181818181818,2005,11,AUS,54.34619047619047,58.04772727272727,57.82260869565218,53.182380952380946,51.69136363636364,46.654545454545456
52.635238095238094,2005,12,AUS,51.13181818181818,54.34619047619047,58.04772727272727,57.82260869565218,53.182380952380946,51.69136363636364
58.483809523809526,2006,1,AUS,52.635238095238094,51.13181818181818,54.34619047619047,58.04772727272727,57.82260869565218,53.182380952380946
56.617999999999995,2006,2,AUS,58.483809523809526,52.635238095238094,51.13181818181818,54.34619047619047,58.04772727272727,57.82260869565218
57.87130434782608,2006,3,AUS,56.617999999999995,58.483809523809526,52.635238095238094,51.13181818181818,54.34619047619047,58.04772727272727
64.44052631578947,2006,4,AUS,57.87130434782608,56.617999999999995,58.483809523809526,52.635238095238094,51.13181818181818,54.34619047619047
65.11304347826086,2006,5,AUS,64.44052631578947,57.87130434782608,56.617999999999995,58.483809523809526,52.635238095238094,51.13181818181818
64.59772727272728,2006,6,AUS,65.11304347826086,64.44052631578947,57.87130434782608,56.617999999999995,58.483809523809526,52.635238095238094
68.88809523809523,2006,7,AUS,64.59772727272728,65.11304347826086,64.44052631578947,57.87130434782608,56.617999999999995,58.483809523809526
68.80739130434782,2006,8,AUS,68.88809523809523,64.59772727272728,65.11304347826086,64.44052631578947,57.87130434782608,56.617999999999995
59.34428571428572,2006,9,AUS,68.80739130434782,68.88809523809523,64.59772727272728,65.11304347826086,64.44052631578947,57.87130434782608
54.97,2006,10,AUS,59.34428571428572,68.80739130434782,68.88809523809523,64.59772727272728,65.11304347826086,64.44052631578947
55.42227272727273,2006,11,AUS,54.97,59.34428571428572,68.80739130434782,68.88809523809523,64.59772727272728,65.11304347826086
57.947500000000005,2006,12,AUS,55.42227272727273,54.97,59.34428571428572,68.80739130434782,68.88809523809523,64.59772727272728
50.79272727272728,2007,1,AUS,57.947500000000005,55.42227272727273,54.97,59.34428571428572,68.80739130434782,68.88809523809523
54.5615,2007,2,AUS,50.79272727272728,57.947500000000005,55.42227272727273,54.97,59.34428571428572,68.80739130434782
58.59045454545455,2007,3,AUS,54.5615,50.79272727272728,57.947500000000005,55.42227272727273,54.97,59.34428571428572
63.548,2007,4,AUS,58.59045454545455,54.5615,50.79272727272728,57.947500000000005,55.42227272727273,54.97
64.48304347826087,2007,5,AUS,63.548,58.59045454545455,54.5615,50.79272727272728,57.947500000000005,55.42227272727273
66.89,2007,6,AUS,64.48304347826087,63.548,58.59045454545455,54.5615,50.79272727272728,57.947500000000005
71.89272727272727,2007,7,AUS,66.89,64.48304347826087,63.548,58.59045454545455,54.5615,50.79272727272728
68.70826086956522,2007,8,AUS,71.89272727272727,66.89,64.48304347826087,63.548,58.59045454545455,54.5615
74.1765,2007,9,AUS,68.70826086956522,71.89272727272727,66.89,64.48304347826087,63.548,58.59045454545455
79.31695652173913,2007,10,AUS,74.1765,68.70826086956522,71.89272727272727,66.89,64.48304347826087,63.548
88.84272727272727,2007,11,AUS,79.31695652173913,74.1765,68.70826086956522,71.89272727272727,66.89,64.48304347826087
87.054,2007,12,AUS,88.84272727272727,79.31695652173913,74.1765,68.70826086956522,71.89272727272727,66.89
88.35136363636364,2008,1,AUS,87.054,88.84272727272727,79.31695652173913,74.1765,68.70826086956522,71.89272727272727
90.64380952380952,2008,2,AUS,88.35136363636364,87.054,88.84272727272727,79.31695652173913,74.1765,68.70826086956522
99.0275,2008,3,AUS,90.64380952380952,88.35136363636364,87.054,88.84272727272727,79.31695652173913,74.1765
105.16318181818183,2008,4,AUS,99.0275,90.64380952380952,88.35136363636364,87.054,88.84272727272727,79.31695652173913
119.38818181818182,2008,5,AUS,105.16318181818183,99.0275,90.64380952380952,88.35136363636364,87.054,88.84272727272727
128.33333333333334,2008,6,AUS,119.38818181818182,105.16318181818183,99.0275,90.64380952380952,88.35136363636364,87.054
131.22173913043477,2008,7,AUS,128.33333333333334,119.38818181818182,105.16318181818183,99.0275,90.64380952380952,88.35136363636364
112.41047619047619,2008,8,AUS,131.22173913043477,128.33333333333334,119.38818181818182,105.16318181818183,99.0275,90.64380952380952
96.8459090909091,2008,9,AUS,112.41047619047619,131.22173913043477,128.33333333333334,119.38818181818182,105.16318181818183,99.0275
69.16260869565217,2008,10,AUS,96.8459090909091,112.41047619047619,131.22173913043477,128.33333333333334,119.38818181818182,105.16318181818183
49.7555,2008,11,AUS,69.16260869565217,96.8459090909091,112.41047619047619,131.22173913043477,128.33333333333334,119.38818181818182
38.59761904761905,2008,12,AUS,49.7555,69.16260869565217,96.8459090909091,112.41047619047619,131.22173913043477,128.33333333333334
41.54190476190476,2009,1,AUS,38.59761904761905,49.7555,69.16260869565217,96.8459090909091,112.41047619047619,131.22173913043477
41.409,2009,2,AUS,41.54190476190476,38.59761904761905,49.7555,69.16260869565217,96.8459090909091,112.41047619047619
45.780454545454546,2009,3,AUS,41.409,41.54190476190476,38.59761904761905,49.7555,69.16260869565217,96.8459090909091
50.20285714285714,2009,4,AUS,45.780454545454546,41.409,41.54190476190476,38.59761904761905,49.7555,69.16260869565217
56.97714285714286,2009,5,AUS,50.20285714285714,45.780454545454546,41.409,41.54190476190476,38.59761904761905,49.7555
68.36181818181818,2009,6,AUS,56.97714285714286,50.20285714285714,45.780454545454546,41.409,41.54190476190476,38.59761904761905
64.58826086956522,2009,7,AUS,68.36181818181818,56.97714285714286,50.20285714285714,45.780454545454546,41.409,41.54190476190476
71.34809523809524,2009,8,AUS,64.58826086956522,68.36181818181818,56.97714285714286,50.20285714285714,45.780454545454546,41.409
67.17,2009,9,AUS,71.34809523809524,64.58826086956522,68.36181818181818,56.97714285714286,50.20285714285714,45.780454545454546
72.66909090909091,2009,10,AUS,67.17,71.34809523809524,64.58826086956522,68.36181818181818,56.97714285714286,50.20285714285714
76.28714285714285,2009,11,AUS,72.66909090909091,67.17,71.34809523809524,64.58826086956522,68.36181818181818,56.97714285714286
74.01136363636364,2009,12,AUS,76.28714285714285,72.66909090909091,67.17,71.34809523809524,64.58826086956522,68.36181818181818
76.01050000000001,2010,1,AUS,74.01136363636364,76.28714285714285,72.66909090909091,67.17,71.34809523809524,64.58826086956522
72.98949999999999,2010,2,AUS,76.01050000000001,74.01136363636364,76.28714285714285,72.66909090909091,67.17,71.34809523809524
77.21304347826087,2010,3,AUS,72.98949999999999,76.01050000000001,74.01136363636364,76.28714285714285,72.66909090909091,67.17
82.33428571428571,2010,4,AUS,77.21304347826087,72.98949999999999,76.01050000000001,74.01136363636364,76.28714285714285,72.66909090909091
74.48428571428572,2010,5,AUS,82.33428571428571,77.21304347826087,72.98949999999999,76.01050000000001,74.01136363636364,76.28714285714285
72.945,2010,6,AUS,74.48428571428572,82.33428571428571,77.21304347826087,72.98949999999999,76.01050000000001,74.01136363636364
72.50727272727273,2010,7,AUS,72.945,74.48428571428572,82.33428571428571,77.21304347826087,72.98949999999999,76.01050000000001
74.15181818181817,2010,8,AUS,72.50727272727273,72.945,74.48428571428572,82.33428571428571,77.21304347826087,72.98949999999999
74.63454545454546,2010,9,AUS,74.15181818181817,72.50727272727273,72.945,74.48428571428572,82.33428571428571,77.21304347826087
79.85714285714286,2010,10,AUS,74.63454545454546,74.15181818181817,72.50727272727273,72.945,74.48428571428572,82.33428571428571
82.8340909090909,2010,11,AUS,79.85714285714286,74.63454545454546,74.15181818181817,72.50727272727273,72.945,74.48428571428572
88.55652173913043,2010,12,AUS,82.8340909090909,79.85714285714286,74.63454545454546,74.15181818181817,72.50727272727273,72.945
92.82666666666667,2011,1,AUS,88.55652173913043,82.8340909090909,79.85714285714286,74.63454545454546,74.15181818181817,72.50727272727273
100.2855,2011,2,AUS,92.82666666666667,88.55652173913043,82.8340909090909,79.85714285714286,74.63454545454546,74.15181818181817
109.83739130434783,2011,3,AUS,100.2855,92.82666666666667,88.55652173913043,82.8340909090909,79.85714285714286,74.63454545454546
118.0925,2011,4,AUS,109.83739130434783,100.2855,92.82666666666667,88.55652173913043,82.8340909090909,79.85714285714286
109.935,2011,5,AUS,118.0925,109.83739130434783,100.2855,92.82666666666667,88.55652173913043,82.8340909090909
109.04363636363637,2011,6,AUS,109.935,118.0925,109.83739130434783,100.2855,92.82666666666667,88.55652173913043
111.62190476190476,2011,7,AUS,109.04363636363637,109.935,118.0925,109.83739130434783,100.2855,92.82666666666667
106.32434782608696,2011,8,AUS,111.62190476190476,109.04363636363637,109.935,118.0925,109.83739130434783,100.2855
107.61181818181818,2011,9,AUS,106.32434782608696,111.62190476190476,109.04363636363637,109.935,118.0925,109.83739130434783
106.28857142857143,2011,10,AUS,107.61181818181818,106.32434782608696,111.62190476190476,109.04363636363637,109.935,118.0925
110.08045454545454,2011,11,AUS,106.28857142857143,107.61181818181818,106.32434782608696,111.62190476190476,109.04363636363637,109.935
107.34428571428572,2011,12,AUS,110.08045454545454,106.28857142857143,107.61181818181818,106.32434782608696,111.62190476190476,109.04363636363637
111.76095238095238,2012,1,AUS,107.34428571428572,110.08045454545454,106.28857142857143,107.61181818181818,106.32434782608696,111.62190476190476
117.47904761904762,2012,2,AUS,111.76095238095238,107.34428571428572,110.08045454545454,106.28857142857143,107.61181818181818,106.32434782608696
122.97363636363637,2012,3,AUS,117.47904761904762,111.76095238095238,107.34428571428572,110.08045454545454,106.28857142857143,107.61181818181818
118.184,2012,4,AUS,122.97363636363637,117.47904761904762,111.76095238095238,107.34428571428572,110.08045454545454,106.28857142857143
108.07260869565218,2012,5,AUS,118.184,122.97363636363637,117.47904761904762,111.76095238095238,107.34428571428572,110.08045454545454
93.98238095238096,2012,6,AUS,108.07260869565218,118.184,122.97363636363637,117.47904761904762,111.76095238095238,107.34428571428572
99.54590909090908,2012,7,AUS,93.98238095238096,108.07260869565218,118.184,122.97363636363637,117.47904761904762,111.76095238095238
109.51739130434783,2012,8,AUS,99.54590909090908,93.98238095238096,108.07260869565218,118.184,122.97363636363637,117.47904761904762
110.674,2012,9,AUS,109.51739130434783,99.54590909090908,93.98238095238096,108.07260869565218,118.184,122.97363636363637
108.35608695652174,2012,10,AUS,110.674,109.51739130434783,99.54590909090908,93.98238095238096,108.07260869565218,118.184
106.855,2012,11,AUS,108.35608695652174,110.674,109.51739130434783,99.54590909090908,93.98238095238096,108.07260869565218
106.549,2012,12,AUS,106.855,108.35608695652174,110.674,109.51739130434783,99.54590909090908,93.98238095238096
109.2840909090909,2013,1,AUS,106.549,106.855,108.35608695652174,110.674,109.51739130434783,99.54590909090908
112.745,2013,2,AUS,109.2840909090909,106.549,106.855,108.35608695652174,110.674,109.51739130434783
106.44200000000001,2013,3,AUS,112.745,109.2840909090909,106.549,106.855,108.35608695652174,110.674
101.05409090909092,2013,4,AUS,106.44200000000001,112.745,109.2840909090909,106.549,106.855,108.35608695652174
100.65130434782608,2013,5,AUS,101.05409090909092,106.44200000000001,112.745,109.2840909090909,106.549,106.855
101.03,2013,6,AUS,100.65130434782608,101.05409090909092,106.44200000000001,112.745,109.2840909090909,106.549
104.45217391304348,2013,7,AUS,101.03,100.65130434782608,101.05409090909092,106.44200000000001,112.745,109.2840909090909
107.5190909090909,2013,8,AUS,104.45217391304348,101.03,100.65130434782608,101.05409090909092,106.44200000000001,112.745
108.7304761904762,2013,9,AUS,107.5190909090909,104.45217391304348,101.03,100.65130434782608,101.05409090909092,106.44200000000001
106.68652173913043,2013,10,AUS,108.7304761904762,107.5190909090909,104.45217391304348,101.03,100.65130434782608,101.05409090909092
104.96809523809523,2013,11,AUS,106.68652173913043,108.7304761904762,107.5190909090909,104.45217391304348,101.03,100.65130434782608
107.67249999999999,2013,12,AUS,104.96809523809523,106.68652173913043,108.7304761904762,107.5190909090909,104.45217391304348,101.03
104.70818181818181,2014,1,AUS,107.67249999999999,104.96809523809523,106.68652173913043,108.7304761904762,107.5190909090909,104.45217391304348
105.3815,2014,2,AUS,104.70818181818181,107.67249999999999,104.96809523809523,106.68652173913043,108.7304761904762,107.5190909090909
104.14714285714287,2014,3,AUS,105.3815,104.70818181818181,107.67249999999999,104.96809523809523,106.68652173913043,108.7304761904762
104.26809523809524,2014,4,AUS,104.14714285714287,105.3815,104.70818181818181,107.67249999999999,104.96809523809523,106.68652173913043
105.43909090909091,2014,5,AUS,104.26809523809524,104.14714285714287,105.3815,104.70818181818181,107.67249999999999,104.96809523809523
107.89238095238095,2014,6,AUS,105.43909090909091,104.26809523809524,104.14714285714287,105.3815,104.70818181818181,107.67249999999999
105.60826086956521,2014,7,AUS,107.89238095238095,105.43909090909091,104.26809523809524,104.14714285714287,105.3815,104.70818181818181
100.7547619047619,2014,8,AUS,105.60826086956521,107.89238095238095,105.43909090909091,104.26809523809524,104.14714285714287,105.3815
95.98136363636364,2014,9,AUS,100.7547619047619,105.60826086956521,107.89238095238095,105.43909090909091,104.26809523809524,104.14714285714287
85.0604347826087,2014,10,AUS,95.98136363636364,100.7547619047619,105.60826086956521,107.89238095238095,105.43909090909091,104.26809523809524
75.566,2014,11,AUS,85.0604347826087,95.98136363636364,100.7547619047619,105.60826086956521,107.89238095238095,105.43909090909091
59.311818181818175,2014,12,AUS,75.566,85.0604347826087,95.98136363636364,100.7547619047619,105.60826086956521,107.89238095238095
44.378571428571426,2015,1,AUS,59.311818181818175,75.566,85.0604347826087,95.98136363636364,100.7547619047619,105.60826086956521
54.062,2015,2,AUS,44.378571428571426,59.311818181818175,75.566,85.0604347826087,95.98136363636364,100.7547619047619
52.45727272727272,2015,3,AUS,54.062,44.378571428571426,59.311818181818175,75.566,85.0604347826087,95.98136363636364
57.11181818181819,2015,4,AUS,52.45727272727272,54.062,44.378571428571426,59.311818181818175,75.566,85.0604347826087
62.15571428571428,2015,5,AUS,57.11181818181819,52.45727272727272,54.062,44.378571428571426,59.311818181818175,75.566
60.21136363636364,2015,6,AUS,62.15571428571428,57.11181818181819,52.45727272727272,54.062,44.378571428571426,59.311818181818175
54.18869565217391,2015,7,AUS,60.21136363636364,62.15571428571428,57.11181818181819,52.45727272727272,54.062,44.378571428571426
45.46095238095238,2015,8,AUS,54.18869565217391,60.21136363636364,62.15571428571428,57.11181818181819,52.45727272727272,54.062
44.82681818181818,2015,9,AUS,45.46095238095238,54.18869565217391,60.21136363636364,62.15571428571428,57.11181818181819,52.45727272727272
45.02181818181818,2015,10,AUS,44.82681818181818,45.46095238095238,54.18869565217391,60.21136363636364,62.15571428571428,57.11181818181819
40.49619047619048,2015,11,AUS,45.02181818181818,44.82681818181818,45.46095238095238,54.18869565217391,60.21136363636364,62.15571428571428
33.63772727272727,2015,12,AUS,40.49619047619048,45.02181818181818,44.82681818181818,45.46095238095238,54.18869565217391,60.21136363636364
26.503500000000003,2016,1,AUS,33.63772727272727,40.49619047619048,45.02181818181818,44.82681818181818,45.46095238095238,54.18869565217391
28.719047619047622,2016,2,AUS,26.503500000000003,33.63772727272727,40.49619047619048,45.02181818181818,44.82681818181818,45.46095238095238
34.65304347826087,2016,3,AUS,28.719047619047622,26.503500000000003,33.63772727272727,40.49619047619048,45.02181818181818,44.82681818181818
37.859047619047615,2016,4,AUS,34.65304347826087,28.719047619047622,26.503500000000003,33.63772727272727,40.49619047619048,45.02181818181818
43.210454545454546,2016,5,AUS,37.859047619047615,34.65304347826087,28.719047619047622,26.503500000000003,33.63772727272727,40.49619047619048
45.83727272727273,2016,6,AUS,43.210454545454546,37.859047619047615,34.65304347826087,28.719047619047622,26.503500000000003,33.63772727272727
42.68190476190476,2016,7,AUS,45.83727272727273,43.210454545454546,37.859047619047615,34.65304347826087,28.719047619047622,26.503500000000003
43.10173913043479,2016,8,AUS,42.68190476190476,45.83727272727273,43.210454545454546,37.859047619047615,34.65304347826087,28.719047619047622
42.88590909090909,2016,9,AUS,43.10173913043479,42.68190476190476,45.83727272727273,43.210454545454546,37.859047619047615,34.65304347826087
47.86761904761905,2016,10,AUS,42.88590909090909,43.10173913043479,42.68190476190476,45.83727272727273,43.210454545454546,37.859047619047615
43.21818181818182,2016,11,AUS,47.86761904761905,42.88590909090909,43.10173913043479,42.68190476190476,45.83727272727273,43.210454545454546
51.67333333333334,2016,12,AUS,43.21818181818182,47.86761904761905,42.88590909090909,43.10173913043479,42.68190476190476,45.83727272727273
52.39714285714285,2017,1,AUS,51.67333333333334,43.21818181818182,47.86761904761905,42.88590909090909,43.10173913043479,42.68190476190476
53.3695,2017,2,AUS,52.39714285714285,51.67333333333334,43.21818181818182,47.86761904761905,42.88590909090909,43.10173913043479
50.31782608695652,2017,3,AUS,53.3695,52.39714285714285,51.67333333333334,43.21818181818182,47.86761904761905,42.88590909090909
51.368947368421054,2017,4,AUS,50.31782608695652,53.3695,52.39714285714285,51.67333333333334,43.21818181818182,47.86761904761905
49.203043478260874,2017,5,AUS,51.368947368421054,50.31782608695652,53.3695,52.39714285714285,51.67333333333334,43.21818181818182
45.208636363636366,2017,6,AUS,49.203043478260874,51.368947368421054,50.31782608695652,53.3695,52.39714285714285,51.67333333333334
46.93142857142857,2017,7,AUS,45.208636363636366,49.203043478260874,51.368947368421054,50.31782608695652,53.3695,52.39714285714285
49.60173913043478,2017,8,AUS,46.93142857142857,45.208636363636366,49.203043478260874,51.368947368421054,50.31782608695652,53.3695
53.43619047619048,2017,9,AUS,49.60173913043478,46.93142857142857,45.208636363636366,49.203043478260874,51.368947368421054,50.31782608695652
55.50181818181818,2017,10,AUS,53.43619047619048,49.60173913043478,46.93142857142857,45.208636363636366,49.203043478260874,51.368947368421054
60.73909090909091,2017,11,AUS,55.50181818181818,53.43619047619048,49.60173913043478,46.93142857142857,45.208636363636366,49.203043478260874
62.062,2017,12,AUS,60.73909090909091,55.50181818181818,53.43619047619048,49.60173913043478,46.93142857142857,45.208636363636366
66.85272727272728,2018,1,AUS,62.062,60.73909090909091,55.50181818181818,53.43619047619048,49.60173913043478,46.93142857142857
63.4775,2018,2,AUS,66.85272727272728,62.062,60.73909090909091,55.50181818181818,53.43619047619048,49.60173913043478
63.75761904761905,2018,3,AUS,63.4775,66.85272727272728,62.062,60.73909090909091,55.50181818181818,53.43619047619048
68.42714285714285,2018,4,AUS,63.75761904761905,63.4775,66.85272727272728,62.062,60.73909090909091,55.50181818181818
74.11304347826086,2018,5,AUS,68.42714285714285,63.75761904761905,63.4775,66.85272727272728,62.062,60.73909090909091
73.22047619047619,2018,6,AUS,74.11304347826086,68.42714285714285,63.75761904761905,63.4775,66.85272727272728,62.062
73.26636363636364,2018,7,AUS,73.22047619047619,74.11304347826086,68.42714285714285,63.75761904761905,63.4775,66.85272727272728
72.25739130434783,2018,8,AUS,73.26636363636364,73.22047619047619,74.11304347826086,68.42714285714285,63.75761904761905,63.4775
77.179,2018,9,AUS,72.25739130434783,73.26636363636364,73.22047619047619,74.11304347826086,68.42714285714285,63.75761904761905
79.38695652173914,2018,10,AUS,77.179,72.25739130434783,73.26636363636364,73.22047619047619,74.11304347826086,68.42714285714285
65.33227272727272,2018,11,AUS,79.38695652173914,77.179,72.25739130434783,73.26636363636364,73.22047619047619,74.11304347826086
56.943333333333335,2018,12,AUS,65.33227272727272,79.38695652173914,77.179,72.25739130434783,73.26636363636364,73.22047619047619
58.73909090909091,2019,1,AUS,56.943333333333335,65.33227272727272,79.38695652173914,77.179,72.25739130434783,73.26636363636364
63.8255,2019,2,AUS,58.73909090909091,56.943333333333335,65.33227272727272,79.38695652173914,77.179,72.25739130434783
66.36904761904762,2019,3,AUS,63.8255,58.73909090909091,56.943333333333335,65.33227272727272,79.38695652173914,77.179
70.78476190476191,2019,4,AUS,66.36904761904762,63.8255,58.73909090909091,56.943333333333335,65.33227272727272,79.38695652173914
69.96565217391304,2019,5,AUS,70.78476190476191,66.36904761904762,63.8255,58.73909090909091,56.943333333333335,65.33227272727272
62.916999999999994,2019,6,AUS,69.96565217391304,70.78476190476191,66.36904761904762,63.8255,58.73909090909091,56.943333333333335
64.70695652173913,2019,7,AUS,62.916999999999994,69.96565217391304,70.78476190476191,66.36904761904762,63.8255,58.73909090909091
59.620000000000005,2019,8,AUS,64.70695652173913,62.916999999999994,69.96565217391304,70.78476190476191,66.36904761904762,63.8255
62.35666666666667,2019,9,AUS,59.620000000000005,64.70695652173913,62.916999999999994,69.96565217391304,70.78476190476191,66.36904761904762
59.90869565217392,2019,10,AUS,62.35666666666667,59.620000000000005,64.70695652173913,62.916999999999994,69.96565217391304,70.78476190476191
62.944761904761904,2019,11,AUS,59.90869565217392,62.35666666666667,59.620000000000005,64.70695652173913,62.916999999999994,69.96565217391304
66.47904761904762,2019,12,AUS,62.944761904761904,59.90869565217392,62.35666666666667,59.620000000000005,64.70695652173913,62.916999999999994
65.10318181818182,2020,1,AUS,66.47904761904762,62.944761904761904,59.90869565217392,62.35666666666667,59.620000000000005,64.70695652173913
55.527,2020,2,AUS,65.10318181818182,66.47904761904762,62.944761904761904,59.90869565217392,62.35666666666667,59.620000000000005
33.91954545454546,2020,3,AUS,55.527,65.10318181818182,66.47904761904762,62.944761904761904,59.90869565217392,62.35666666666667
17.660476190476192,2020,4,AUS,33.91954545454546,55.527,65.10318181818182,66.47904761904762,62.944761904761904,59.90869565217392
25.170499999999997,2020,5,AUS,17.660476190476192,33.91954545454546,55.527,65.10318181818182,66.47904761904762,62.944761904761904
37.05318181818182,2020,6,AUS,25.170499999999997,17.660476190476192,33.91954545454546,55.527,65.10318181818182,66.47904761904762
43.42434782608696,2020,7,AUS,37.05318181818182,25.170499999999997,17.660476190476192,33.91954545454546,55.527,65.10318181818182
45.19238095238095,2020,8,AUS,43.42434782608696,37.05318181818182,25.170499999999997,17.660476190476192,33.91954545454546,55.527
41.53545454545454,2020,9,AUS,45.19238095238095,43.42434782608696,37.05318181818182,25.170499999999997,17.660476190476192,33.91954545454546
40.07772727272727,2020,10,AUS,41.53545454545454,45.19238095238095,43.42434782608696,37.05318181818182,25.170499999999997,17.660476190476192
42.61190476190476,2020,11,AUS,40.07772727272727,41.53545454545454,45.19238095238095,43.42434782608696,37.05318181818182,25.170499999999997
49.16727272727273,2020,12,AUS,42.61190476190476,40.07772727272727,41.53545454545454,45.19238095238095,43.42434782608696,37.05318181818182
54.38099999999999,2021,1,AUS,49.16727272727273,42.61190476190476,40.07772727272727,41.53545454545454,45.19238095238095,43.42434782608696
61.052499999999995,2021,2,AUS,54.38099999999999,49.16727272727273,42.61190476190476,40.07772727272727,41.53545454545454,45.19238095238095
64.5604347826087,2021,3,AUS,61.052499999999995,54.38099999999999,49.16727272727273,42.61190476190476,40.07772727272727,41.53545454545454
63.24095238095238,2021,4,AUS,64.5604347826087,61.052499999999995,54.38099999999999,49.16727272727273,42.61190476190476,40.07772727272727
66.9095238095238,2021,5,AUS,63.24095238095238,64.5604347826087,61.052499999999995,54.38099999999999,49.16727272727273,42.61190476190476
71.89363636363636,2021,6,AUS,66.9095238095238,63.24095238095238,64.5604347826087,61.052499999999995,54.38099999999999,49.16727272727273
73.52545454545454,2021,7,AUS,71.89363636363636,66.9095238095238,63.24095238095238,64.5604347826087,61.052499999999995,54.38099999999999
70.3340909090909,2021,8,AUS,73.52545454545454,71.89363636363636,66.9095238095238,63.24095238095238,64.5604347826087,61.052499999999995
73.88181818181819,2021,9,AUS,70.3340909090909,73.52545454545454,71.89363636363636,66.9095238095238,63.24095238095238,64.5604347826087
82.10952380952381,2021,10,AUS,73.88181818181819,70.3340909090909,73.52545454545454,71.89363636363636,66.9095238095238,63.24095238095238
80.37045454545455,2021,11,AUS,82.10952380952381,73.88181818181819,70.3340909090909,73.52545454545454,71.89363636363636,66.9095238095238
74.37782608695652,2021,12,AUS,80.37045454545455,82.10952380952381,73.88181818181819,70.3340909090909,73.52545454545454,71.89363636363636
85.24285714285713,2022,1,AUS,74.37782608695652,80.37045454545455,82.10952380952381,73.88181818181819,70.3340909090909,73.52545454545454
93.954,2022,2,AUS,85.24285714285713,74.37782608695652,80.37045454545455,82.10952380952381,73.88181818181819,70.3340909090909
113.47652173913043,2022,3,AUS,93.954,85.24285714285713,74.37782608695652,80.37045454545455,82.10952380952381,73.88181818181819
105.6365,2022,4,AUS,113.47652173913043,93.954,85.24285714285713,74.37782608695652,80.37045454545455,82.10952380952381
113.87090909090908,2022,5,AUS,105.6365,113.47652173913043,93.954,85.24285714285713,74.37782608695652,80.37045454545455
117.72363636363637,2022,6,AUS,113.87090909090908,105.6365,113.47652173913043,93.954,85.24285714285713,74.37782608695652
108.54857142857142,2022,7,AUS,117.72363636363637,113.87090909090908,105.6365,113.47652173913043,93.954,85.24285714285713
101.89869565217391,2022,8,AUS,108.54857142857142,117.72363636363637,113.87090909090908,105.6365,113.47652173913043,93.954
95.31772727272727,2022,9,AUS,101.89869565217391,108.54857142857142,117.72363636363637,113.87090909090908,105.6365,113.47652173913043
93.62142857142857,2022,10,AUS,95.31772727272727,101.89869565217391,108.54857142857142,117.72363636363637,113.87090909090908,105.6365
94.43,2022,11,AUS,93.62142857142857,95.31772727272727,101.89869565217391,108.54857142857142,117.72363636363637,113.87090909090908
18.638,1990,7,USA,16.871,18.237,18.582,20.418,22.108,22.641
27.174,1990,8,USA,18.638,16.871,18.237,18.582,20.418,22.108
33.687,1990,9,USA,27.174,18.638,16.871,18.237,18.582,20.418
35.922,1990,10,USA,33.687,27.174,18.638,16.871,18.237,18.582
32.3,1990,11,USA,35.922,33.687,27.174,18.638,16.871,18.237
27.337,1990,12,USA,32.3,35.922,33.687,27.174,18.638,16.871
24.959,1991,1,USA,27.337,32.3,35.922,33.687,27.174,18.638
20.523,1991,2,USA,24.959,27.337,32.3,35.922,33.687,27.174
19.86,1991,3,USA,20.523,24.959,27.337,32.3,35.922,33.687
20.823,1991,4,USA,19.86,20.523,24.959,27.337,32.3,35.922
21.24,1991,5,USA,20.823,19.86,20.523,24.959,27.337,32.3
20.195,1991,6,USA,21.24,20.823,19.86,20.523,24.959,27.337
21.42,1991,7,USA,20.195,21.24,20.823,19.86,20.523,24.959
21.688,1991,8,USA,21.42,20.195,21.24,20.823,19.86,20.523
21.857,1991,9,USA,21.688,21.42,20.195,21.24,20.823,19.86
23.228,1991,10,USA,21.857,21.688,21.42,20.195,21.24,20.823
22.465,1991,11,USA,23.228,21.857,21.688,21.42,20.195,21.24
19.517,1991,12,USA,22.465,23.228,21.857,21.688,21.42,20.195
18.82,1992,1,USA,19.517,22.465,23.228,21.857,21.688,21.42
18.995,1992,2,USA,18.82,19.517,22.465,23.228,21.857,21.688
18.916,1992,3,USA,18.995,18.82,19.517,22.465,23.228,21.857
20.243,1992,4,USA,18.916,18.995,18.82,19.517,22.465,23.228
20.94,1992,5,USA,20.243,18.916,18.995,18.82,19.517,22.465
22.375,1992,6,USA,20.94,20.243,18.916,18.995,18.82,19.517
21.759,1992,7,USA,22.375,20.94,20.243,18.916,18.995,18.82
21.35,1992,8,USA,21.759,22.375,20.94,20.243,18.916,18.995
21.902,1992,9,USA,21.35,21.759,22.375,20.94,20.243,18.916
21.688,1992,10,USA,21.902,21.35,21.759,22.375,20.94,20.243
20.342,1992,11,USA,21.688,21.902,21.35,21.759,22.375,20.94
19.407,1992,12,USA,20.342,21.688,21.902,21.35,21.759,22.375
19.075,1993,1,USA,19.407,20.342,21.688,21.902,21.35,21.759
20.053,1993,2,USA,19.075,19.407,20.342,21.688,21.902,21.35
20.347,1993,3,USA,20.053,19.075,19.407,20.342,21.688,21.902
20.27,1993,4,USA,20.347,20.053,19.075,19.407,20.342,21.688
19.94,1993,5,USA,20.27,20.347,20.053,19.075,19.407,20.342
19.07,1993,6,USA,19.94,20.27,20.347,20.053,19.075,19.407
17.866,1993,7,USA,19.07,19.94,20.27,20.347,20.053,19.075
18.009,1993,8,USA,17.866,19.07,19.94,20.27,20.347,20.053
17.514,1993,9,USA,18.009,17.866,19.07,19.94,20.27,20.347
18.145,1993,10,USA,17.514,18.009,17.866,19.07,19.94,20.27
16.699,1993,11,USA,18.145,17.514,18.009,17.866,19.07,19.94
14.51,1993,12,USA,16.699,18.145,17.514,18.009,17.866,19.07
15.0,1994,1,USA,14.51,16.699,18.145,17.514,18.009,17.866
14.78,1994,2,USA,15.0,14.51,16.699,18.145,17.514,18.009
14.66,1994,3,USA,14.78,15.0,14.51,16.699,18.145,17.514
16.38,1994,4,USA,14.66,14.78,15.0,14.51,16.699,18.145
17.88,1994,5,USA,16.38,14.66,14.78,15.0,14.51,16.699
19.07,1994,6,USA,17.88,16.38,14.66,14.78,15.0,14.51
19.65,1994,7,USA,19.07,17.88,16.38,14.66,14.78,15.0
18.38,1994,8,USA,19.65,19.07,17.88,16.38,14.66,14.78
17.46,1994,9,USA,18.38,19.65,19.07,17.88,16.38,14.66
17.71,1994,10,USA,17.46,18.38,19.65,19.07,17.88,16.38
18.1,1994,11,USA,17.71,17.46,18.38,19.65,19.07,17.88
17.16,1994,12,USA,18.1,17.71,17.46,18.38,19.65,19.07
17.99,1995,1,USA,17.16,18.1,17.71,17.46,18.38,19.65
18.53,1995,2,USA,17.99,17.16,18.1,17.71,17.46,18.38
18.55,1995,3,USA,18.53,17.99,17.16,18.1,17.71,17.46
19.87,1995,4,USA,18.55,18.53,17.99,17.16,18.1,17.71
19.74,1995,5,USA,19.87,18.55,18.53,17.99,17.16,18.1
18.42,1995,6,USA,19.74,19.87,18.55,18.53,17.99,17.16
17.3,1995,7,USA,18.42,19.74,19.87,18.55,18.53,17.99
18.03,1995,8,USA,17.3,18.42,19.74,19.87,18.55,18.53
18.23,1995,9,USA,18.03,17.3,18.42,19.74,19.87,18.55
17.44,1995,10,USA,18.23,18.03,17.3,18.42,19.74,19.87
17.99,1995,11,USA,17.44,18.23,18.03,17.3,18.42,19.74
19.04,1995,12,USA,17.99,17.44,18.23,18.03,17.3,18.42
18.88,1996,1,USA,19.04,17.99,17.44,18.23,18.03,17.3
19.07,1996,2,USA,18.88,19.04,17.99,17.44,18.23,18.03
21.36,1996,3,USA,19.07,18.88,19.04,17.99,17.44,18.23
23.57,1996,4,USA,21.36,19.07,18.88,19.04,17.99,17.44
21.25,1996,5,USA,23.57,21.36,19.07,18.88,19.04,17.99
20.45,1996,6,USA,21.25,23.57,21.36,19.07,18.88,19.04
21.32,1996,7,USA,20.45,21.25,23.57,21.36,19.07,18.88
21.96,1996,8,USA,21.32,20.45,21.25,23.57,21.36,19.07
23.99,1996,9,USA,21.96,21.32,20.45,21.25,23.57,21.36
24.9,1996,10,USA,23.99,21.96,21.32,20.45,21.25,23.57
23.71,1996,11,USA,24.9,23.99,21.96,21.32,20.45,21.25
25.39,1996,12,USA,23.71,24.9,23.99,21.96,21.32,20.45
25.17,1997,1,USA,25.39,23.71,24.9,23.99,21.96,21.32
22.21,1997,2,USA,25.17,25.39,23.71,24.9,23.99,21.96
20.99,1997,3,USA,22.21,25.17,25.39,23.71,24.9,23.99
19.72,1997,4,USA,20.99,22.21,25.17,25.39,23.71,24.9
20.83,1997,5,USA,19.72,20.99,22.21,25.17,25.39,23.71
19.17,1997,6,USA,20.83,19.72,20.99,22.21,25.17,25.39
19.63,1997,7,USA,19.17,20.83,19.72,20.99,22.21,25.17
19.93,1997,8,USA,19.63,19.17,20.83,19.72,20.99,22.21
19.79,1997,9,USA,19.93,19.63,19.17,20.83,19.72,20.99
21.26,1997,10,USA,19.79,19.93,19.63,19.17,20.83,19.72
20.17,1997,11,USA,21.26,19.79,19.93,19.63,19.17,20.83
18.32,1997,12,USA,20.17,21.26,19.79,19.93,19.63,19.17
16.71,1998,1,USA,18.32,20.17,21.26,19.79,19.93,19.63
16.06,1998,2,USA,16.71,18.32,20.17,21.26,19.79,19.93
15.02,1998,3,USA,16.06,16.71,18.32,20.17,21.26,19.79
15.44,1998,4,USA,15.02,16.06,16.71,18.32,20.17,21.26
14.86,1998,5,USA,15.44,15.02,16.06,16.71,18.32,20.17
13.66,1998,6,USA,14.86,15.44,15.02,16.06,16.71,18.32
14.08,1998,7,USA,13.66,14.86,15.44,15.02,16.06,16.71
13.36,1998,8,USA,14.08,13.66,14.86,15.44,15.02,16.06
14.95,1998,9,USA,13.36,14.08,13.66,14.86,15.44,15.02
14.39,1998,10,USA,14.95,13.36,14.08,13.66,14.86,15.44
12.85,1998,11,USA,14.39,14.95,13.36,14.08,13.66,14.86
11.28,1998,12,USA,12.85,14.39,14.95,13.36,14.08,13.66
12.47,1999,1,USA,11.28,12.85,14.39,14.95,13.36,14.08
12.01,1999,2,USA,12.47,11.28,12.85,14.39,14.95,13.36
14.66,1999,3,USA,12.01,12.47,11.28,12.85,14.39,14.95
17.34,1999,4,USA,14.66,12.01,12.47,11.28,12.85,14.39
17.75,1999,5,USA,17.34,14.66,12.01,12.47,11.28,12.85
17.89,1999,6,USA,17.75,17.34,14.66,12.01,12.47,11.28
20.07,1999,7,USA,17.89,17.75,17.34,14.66,12.01,12.47
21.26,1999,8,USA,20.07,17.89,17.75,17.34,14.66,12.01
23.88,1999,9,USA,21.26,20.07,17.89,17.75,17.34,14.66
22.64,1999,10,USA,23.88,21.26,20.07,17.89,17.75,17.34
24.97,1999,11,USA,22.64,23.88,21.26,20.07,17.89,17.75
26.08,1999,12,USA,24.97,22.64,23.88,21.26,20.07,17.89
27.18,2000,1,USA,26.08,24.97,22.64,23.88,21.26,20.07
29.35,2000,2,USA,27.18,26.08,24.97,22.64,23.88,21.26
29.89,2000,3,USA,29.35,27.18,26.08,24.97,22.64,23.88
25.74,2000,4,USA,29.89,29.35,27.18,26.08,24.97,22.64
28.78,2000,5,USA,25.74,29.89,29.35,27.18,26.08,24.97
31.83,2000,6,USA,28.78,25.74,29.89,29.35,27.18,26.08
29.77,2000,7,USA,31.83,28.78,25.74,29.89,29.35,27.18
31.22,2000,8,USA,29.77,31.83,28.78,25.74,29.89,29.35
33.88,2000,9,USA,31.22,29.77,31.83,28.78,25.74,29.89
33.08,2000,10,USA,33.88,31.22,29.77,31.83,28.78,25.74
34.4,2000,11,USA,33.08,33.88,31.22,29.77,31.83,28.78
28.46,2000,12,USA,34.4,33.08,33.88,31.22,29.77,31.83
29.58,2001,1,USA,28.46,34.4,33.08,33.88,31.22,29.77
29.61,2001,2,USA,29.58,28.46,34.4,33.08,33.88,31.22
27.24,2001,3,USA,29.61,29.58,28.46,34.4,33.08,33.88
27.41,2001,4,USA,27.24,29.61,29.58,28.46,34.4,33.08
28.64,2001,5,USA,27.41,27.24,29.61,29.58,28.46,34.4
27.6,2001,6,USA,28.64,27.41,27.24,29.61,29.58,28.46
26.45,2001,7,USA,27.6,28.64,27.41,27.24,29.61,29.58
27.47,2001,8,USA,26.45,27.6,28.64,27.41,27.24,29.61
25.88,2001,9,USA,27.47,26.45,27.6,28.64,27.41,27.24
22.21,2001,10,USA,25.88,27.47,26.45,27.6,28.64,27.41
19.67,2001,11,USA,22.21,25.88,27.47,26.45,27.6,28.64
19.33,2001,12,USA,19.67,22.21,25.88,27.47,26.45,27.6
19.67,2002,1,USA,19.33,19.67,22.21,25.88,27.47,26.45
20.74,2002,2,USA,19.67,19.33,19.67,22.21,25.88,27.47
24.42,2002,3,USA,20.74,19.67,19.33,19.67,22.21,25.88
26.27,2002,4,USA,24.42,20.74,19.67,19.33,19.67,22.21
27.02,2002,5,USA,26.27,24.42,20.74,19.67,19.33,19.67
25.52,2002,6,USA,27.02,26.27,24.42,20.74,19.67,19.33
26.94,2002,7,USA,25.52,27.02,26.27,24.42,20.74,19.67
28.38,2002,8,USA,26.94,25.52,27.02,26.27,24.42,20.74
29.67,2002,9,USA,28.38,26.94,25.52,27.02,26.27,24.42
28.85,2002,10,USA,29.67,28.38,26.94,25.52,27.02,26.27
26.27,2002,11,USA,28.85,29.67,28.38,26.94,25.52,27.02
29.42,2002,12,USA,26.27,28.85,29.67,28.38,26.94,25.52
32.94,2003,1,USA,29.42,26.27,28.85,29.67,28.38,26.94
35.87,2003,2,USA,32.94,29.42,26.27,28.85,29.67,28.38
33.55,2003,3,USA,35.87,32.94,29.42,26.27,28.85,29.67
28.25,2003,4,USA,33.55,35.87,32.94,29.42,26.27,28.85
28.14,2003,5,USA,28.25,33.55,35.87,32.94,29.42,26.27
30.72,2003,6,USA,28.14,28.25,33.55,35.87,32.94,29.42
30.76,2003,7,USA,30.72,28.14,28.25,33.55,35.87,32.94
31.59,2003,8,USA,30.76,30.72,28.14,28.25,33.55,35.87
28.29,2003,9,USA,31.59,30.76,30.72,28.14,28.25,33.55
30.33,2003,10,USA,28.29,31.59,30.76,30.72,28.14,28.25
31.09,2003,11,USA,30.33,28.29,31.59,30.76,30.72,28.14
32.15,2003,12,USA,31.09,30.33,28.29,31.59,30.76,30.72
34.27,2004,1,USA,32.15,31.09,30.33,28.29,31.59,30.76
34.74,2004,2,USA,34.27,32.15,31.09,30.33,28.29,31.59
36.76,2004,3,USA,34.74,34.27,32.15,31.09,30.33,28.29
36.69,2004,4,USA,36.76,34.74,34.27,32.15,31.09,30.33
40.28,2004,5,USA,36.69,36.76,34.74,34.27,32.15,31.09
38.02,2004,6,USA,40.28,36.69,36.76,34.74,34.27,32.15
40.69,2004,7,USA,38.02,40.28,36.69,36.76,34.74,34.27
44.94,2004,8,USA,40.69,38.02,40.28,36.69,36.76,34.74
45.95,2004,9,USA,44.94,40.69,38.02,40.28,36.69,36.76
53.13,2004,10,USA,45.95,44.94,40.69,38.02,40.28,36.69
48.46,2004,11,USA,53.13,45.95,44.94,40.69,38.02,40.28
43.33,2004,12,USA,48.46,53.13,45.95,44.94,40.69,38.02
46.84,2005,1,USA,43.33,48.46,53.13,45.95,44.94,40.69
47.97,2005,2,USA,46.84,43.33,48.46,53.13,45.95,44.94
54.31,2005,3,USA,47.97,46.84,43.33,48.46,53.13,45.95
53.04,2005,4,USA,54.31,47.97,46.84,43.33,48.46,53.13
49.83,2005,5,USA,53.04,54.31,47.97,46.84,43.33,48.46
56.26,2005,6,USA,49.83,53.04,54.31,47.97,46.84,43.33
58.7,2005,7,USA,56.26,49.83,53.04,54.31,47.97,46.84
64.97,2005,8,USA,58.7,56.26,49.83,53.04,54.31,47.97
65.57,2005,9,USA,64.97,58.7,56.26,49.83,53.04,54.31
62.37,2005,10,USA,65.57,64.97,58.7,56.26,49.83,53.04
58.3,2005,11,USA,62.37,65.57,64.97,58.7,56.26,49.83
59.43,2005,12,USA,58.3,62.37,65.57,64.97,58.7,56.26
65.51,2006,1,USA,59.43,58.3,62.37,65.57,64.97,58.7
61.63,2006,2,USA,65.51,59.43,58.3,62.37,65.57,64.97
62.9,2006,3,USA,61.63,65.51,59.43,58.3,62.37,65.57
69.69,2006,4,USA,62.9,61.63,65.51,59.43,58.3,62.37
70.94,2006,5,USA,69.69,62.9,61.63,65.51,59.43,58.3
70.96,2006,6,USA,70.94,69.69,62.9,61.63,65.51,59.43
74.41,2006,7,USA,70.96,70.94,69.69,62.9,61.63,65.51
73.05,2006,8,USA,74.41,70.96,70.94,69.69,62.9,61.63
63.87,2006,9,USA,73.05,74.41,70.96,70.94,69.69,62.9
58.88,2006,10,USA,63.87,73.05,74.41,70.96,70.94,69.69
59.37,2006,11,USA,58.88,63.87,73.05,74.41,70.96,70.94
62.03,2006,12,USA,59.37,58.88,63.87,73.05,74.41,70.96
54.57,2007,1,USA,62.03,59.37,58.88,63.87,73.05,74.41
59.26,2007,2,USA,54.57,62.03,59.37,58.88,63.87,73.05
60.56,2007,3,USA,59.26,54.57,62.03,59.37,58.88,63.87
63.97,2007,4,USA,60.56,59.26,54.57,62.03,59.37,58.88
63.46,2007,5,USA,63.97,60.56,59.26,54.57,62.03,59.37
67.48,2007,6,USA,63.46,63.97,60.56,59.26,54.57,62.03
74.18,2007,7,USA,67.48,63.46,63.97,60.56,59.26,54.57
72.39,2007,8,USA,74.18,67.48,63.46,63.97,60.56,59.26
79.93,2007,9,USA,72.39,74.18,67.48,63.46,63.97,60.56
86.2,2007,10,USA,79.93,72.39,74.18,67.48,63.46,63.97
94.62,2007,11,USA,86.2,79.93,72.39,74.18,67.48,63.46
91.73,2007,12,USA,94.62,86.2,79.93,72.39,74.18,67.48
92.95,2008,1,USA,91.73,94.62,86.2,79.93,72.39,74.18
95.35,2008,2,USA,92.95,91.73,94.62,86.2,79.93,72.39
105.56,2008,3,USA,95.35,92.95,91.73,94.62,86.2,79.93
112.57,2008,4,USA,105.56,95.35,92.95,91.73,94.62,86.2
125.39,2008,5,USA,112.57,105.56,95.35,92.95,91.73,94.62
133.93,2008,6,USA,125.39,112.57,105.56,95.35,92.95,91.73
133.44,2008,7,USA,133.93,125.39,112.57,105.56,95.35,92.95
116.61,2008,8,USA,133.44,133.93,125.39,112.57,105.56,95.35
103.9,2008,9,USA,116.61,133.44,133.93,125.39,112.57,105.56
76.65,2008,10,USA,103.9,116.61,133.44,133.93,125.39,112.57
57.44,2008,11,USA,76.65,103.9,116.61,133.44,133.93,125.39
41.02,2008,12,USA,57.44,76.65,103.9,116.61,133.44,133.93
41.74,2009,1,USA,41.02,57.44,76.65,103.9,116.61,133.44
39.16,2009,2,USA,41.74,41.02,57.44,76.65,103.9,116.61
47.98,2009,3,USA,39.16,41.74,41.02,57.44,76.65,103.9
49.79,2009,4,USA,47.98,39.16,41.74,41.02,57.44,76.65
59.16,2009,5,USA,49.79,47.98,39.16,41.74,41.02,57.44
69.68,2009,6,USA,59.16,49.79,47.98,39.16,41.74,41.02
64.09,2009,7,USA,69.68,59.16,49.79,47.98,39.16,41.74
71.06,2009,8,USA,64.09,69.68,59.16,49.79,47.98,39.16
69.46,2009,9,USA,71.06,64.09,69.68,59.16,49.79,47.98
75.82,2009,10,USA,69.46,71.06,64.09,69.68,59.16,49.79
78.08,2009,11,USA,75.82,69.46,71.06,64.09,69.68,59.16
74.3,2009,12,USA,78.08,75.82,69.46,71.06,64.09,69.68
78.22,2010,1,USA,74.3,78.08,75.82,69.46,71.06,64.09
76.42,2010,2,USA,78.22,74.3,78.08,75.82,69.46,71.06
81.24,2010,3,USA,76.42,78.22,74.3,78.08,75.82,69.46
84.48,2010,4,USA,81.24,76.42,78.22,74.3,78.08,75.82
73.84,2010,5,USA,84.48,81.24,76.42,78.22,74.3,78.08
75.35,2010,6,USA,73.84,84.48,81.24,76.42,78.22,74.3
76.37,2010,7,USA,75.35,73.84,84.48,81.24,76.42,78.22
76.82,2010,8,USA,76.37,75.35,73.84,84.48,81.24,76.42
75.31,2010,9,USA,76.82,76.37,75.35,73.84,84.48,81.24
81.9,2010,10,USA,75.31,76.82,76.37,75.35,73.84,84.48
84.14,2010,11,USA,81.9,75.31,76.82,76.37,75.35,73.84
89.04,2010,12,USA,84.14,81.9,75.31,76.82,76.37,75.35
89.42,2011,1,USA,89.04,84.14,81.9,75.31,76.82,76.37
89.58,2011,2,USA,89.42,89.04,84.14,81.9,75.31,76.82
102.94,2011,3,USA,89.58,89.42,89.04,84.14,81.9,75.31
110.04,2011,4,USA,102.94,89.58,89.42,89.04,84.14,81.9
101.33,2011,5,USA,110.04,102.94,89.58,89.42,89.04,84.14
96.29,2011,6,USA,101.33,110.04,102.94,89.58,89.42,89.04
97.19,2011,7,USA,96.29,101.33,110.04,102.94,89.58,89.42
86.33,2011,8,USA,97.19,96.29,101.33,110.04,102.94,89.58
85.61,2011,9,USA,86.33,97.19,96.29,101.33,110.04,102.94
86.41,2011,10,USA,85.61,86.33,97.19,96.29,101.33,110.04
97.21,2011,11,USA,86.41,85.61,86.33,97.19,96.29,101.33
98.57,2011,12,USA,97.21,86.41,85.61,86.33,97.19,96.29
100.24,2012,1,USA,98.57,97.21,86.41,85.61,86.33,97.19
102.25,2012,2,USA,100.24,98.57,97.21,86.41,85.61,86.33
106.19,2012,3,USA,102.25,100.24,98.57,97.21,86.41,85.61
103.33,2012,4,USA,106.19,102.25,100.24,98.57,97.21,86.41
94.7,2012,5,USA,103.33,106.19,102.25,100.24,98.57,97.21
82.41,2012,6,USA,94.7,103.33,106.19,102.25,100.24,98.57
87.93,2012,7,USA,82.41,94.7,103.33,106.19,102.25,100.24
94.16,2012,8,USA,87.93,82.41,94.7,103.33,106.19,102.25
94.72,2012,9,USA,94.16,87.93,82.41,94.7,103.33,106.19
89.57,2012,10,USA,94.72,94.16,87.93,82.41,94.7,103.33
86.66,2012,11,USA,89.57,94.72,94.16,87.93,82.41,94.7
88.25,2012,12,USA,86.66,89.57,94.72,94.16,87.93,82.41
94.69,2013,1,USA,88.25,86.66,89.57,94.72,94.16,87.93
95.32,2013,2,USA,94.69,88.25,86.66,89.57,94.72,94.16
93.05,2013,3,USA,95.32,94.69,88.25,86.66,89.57,94.72
92.07,2013,4,USA,93.05,95.32,94.69,88.25,86.66,89.57
94.8,2013,5,USA,92.07,93.05,95.32,94.69,88.25,86.66
95.8,2013,6,USA,94.8,92.07,93.05,95.32,94.69,88.25
104.61,2013,7,USA,95.8,94.8,92.07,93.05,95.32,94.69
106.57,2013,8,USA,104.61,95.8,94.8,92.07,93.05,95.32
106.29,2013,9,USA,106.57,104.61,95.8,94.8,92.07,93.05
100.54,2013,10,USA,106.29,106.57,104.61,95.8,94.8,92.07
93.86,2013,11,USA,100.54,106.29,106.57,104.61,95.8,94.8
97.63,2013,12,USA,93.86,100.54,106.29,106.57,104.61,95.8
94.62,2014,1,USA,97.63,93.86,100.54,106.29,106.57,104.61
100.82,2014,2,USA,94.62,97.63,93.86,100.54,106.29,106.57
100.8,2014,3,USA,100.82,94.62,97.63,93.86,100.54,106.29
102.07,2014,4,USA,100.8,100.82,94.62,97.63,93.86,100.54
102.18,2014,5,USA,102.07,100.8,100.82,94.62,97.63,93.86
105.79,2014,6,USA,102.18,102.07,100.8,100.82,94.62,97.63
103.59,2014,7,USA,105.79,102.18,102.07,100.8,100.82,94.62
96.54,2014,8,USA,103.59,105.79,102.18,102.07,100.8,100.82
93.21,2014,9,USA,96.54,103.59,105.79,102.18,102.07,100.8
84.4,2014,10,USA,93.21,96.54,103.59,105.79,102.18,102.07
75.79,2014,11,USA,84.4,93.21,96.54,103.59,105.79,102.18
59.29,2014,12,USA,75.79,84.4,93.21,96.54,103.59,105.79
47.22,2015,1,USA,59.29,75.79,84.4,93.21,96.54,103.59
50.58,2015,2,USA,47.22,59.29,75.79,84.4,93.21,96.54
47.82,2015,3,USA,50.58,47.22,59.29,75.79,84.4,93.21
54.45,2015,4,USA,47.82,50.58,47.22,59.29,75.79,84.4
59.27,2015,5,USA,54.45,47.82,50.58,47.22,59.29,75.79
59.82,2015,6,USA,59.27,54.45,47.82,50.58,47.22,59.29
50.9,2015,7,USA,59.82,59.27,54.45,47.82,50.58,47.22
42.87,2015,8,USA,50.9,59.82,59.27,54.45,47.82,50.58
45.48,2015,9,USA,42.87,50.9,59.82,59.27,54.45,47.82
46.22,2015,10,USA,45.48,42.87,50.9,59.82,59.27,54.45
42.44,2015,11,USA,46.22,45.48,42.87,50.9,59.82,59.27
37.19,2015,12,USA,42.44,46.22,45.48,42.87,50.9,59.82
31.68,2016,1,USA,37.19,42.44,46.22,45.48,42.87,50.9
30.32,2016,2,USA,31.68,37.19,42.44,46.22,45.48,42.87
37.55,2016,3,USA,30.32,31.68,37.19,42.44,46.22,45.48
40.75,2016,4,USA,37.55,30.32,31.68,37.19,42.44,46.22
46.71,2016,5,USA,40.75,37.55,30.32,31.68,37.19,42.44
48.76,2016,6,USA,46.71,40.75,37.55,30.32,31.68,37.19
44.65,2016,7,USA,48.76,46.71,40.75,37.55,30.32,31.68
44.72,2016,8,USA,44.65,48.76,46.71,40.75,37.55,30.32
45.18,2016,9,USA,44.72,44.65,48.76,46.71,40.75,37.55
49.78,2016,10,USA,45.18,44.72,44.65,48.76,46.71,40.75
45.66,2016,11,USA,49.78,45.18,44.72,44.65,48.76,46.71
51.97,2016,12,USA,45.66,49.78,45.18,44.72,44.65,48.76
52.5,2017,1,USA,51.97,45.66,49.78,45.18,44.72,44.65
53.47,2017,2,USA,52.5,51.97,45.66,49.78,45.18,44.72
49.33,2017,3,USA,53.47,52.5,51.97,45.66,49.78,45.18
51.06,2017,4,USA,49.33,53.47,52.5,51.97,45.66,49.78
48.48,2017,5,USA,51.06,49.33,53.47,52.5,51.97,45.66
45.18,2017,6,USA,48.48,51.06,49.33,53.47,52.5,51.97
46.63,2017,7,USA,45.18,48.48,51.06,49.33,53.47,52.5
48.04,2017,8,USA,46.63,45.18,48.48,51.06,49.33,53.47
49.82,2017,9,USA,48.04,46.63,45.18,48.48,51.06,49.33
51.58,2017,10,USA,49.82,48.04,46.63,45.18,48.48,51.06
56.64,2017,11,USA,51.58,49.82,48.04,46.63,45.18,48.48
57.88,2017,12,USA,56.64,51.58,49.82,48.04,46.63,45.18
63.7,2018,1,USA,57.88,56.64,51.58,49.82,48.04,46.63
62.23,2018,2,USA,63.7,57.88,56.64,51.58,49.82,48.04
62.73,2018,3,USA,62.23,63.7,57.88,56.64,51.58,49.82
66.25,2018,4,USA,62.73,62.23,63.7,57.88,56.64,51.58
69.98,2018,5,USA,66.25,62.73,62.23,63.7,57.88,56.64
67.87,2018,6,USA,69.98,66.25,62.73,62.23,63.7,57.88
70.98,2018,7,USA,67.87,69.98,66.25,62.73,62.23,63.7
68.06,2018,8,USA,70.98,67.87,69.98,66.25,62.73,62.23
70.23,2018,9,USA,68.06,70.98,67.87,69.98,66.25,62.73
70.75,2018,10,USA,70.23,68.06,70.98,67.87,69.98,66.25
56.96,2018,11,USA,70.75,70.23,68.06,70.98,67.87,69.98
49.52,2018,12,USA,56.96,70.75,70.23,68.06,70.98,67.87
51.38,2019,1,USA,49.52,56.96,70.75,70.23,68.06,70.98
54.95,2019,2,USA,51.38,49.52,56.96,70.75,70.23,68.06
58.15,2019,3,USA,54.95,51.38,49.52,56.96,70.75,70.23
63.86,2019,4,USA,58.15,54.95,51.38,49.52,56.96,70.75
60.83,2019,5,USA,63.86,58.15,54.95,51.38,49.52,56.96
54.66,2019,6,USA,60.83,63.86,58.15,54.95,51.38,49.52
57.35,2019,7,USA,54.66,60.83,63.86,58.15,54.95,51.38
54.81,2019,8,USA,57.35,54.66,60.83,63.86,58.15,54.95
56.95,2019,9,USA,54.81,57.35,54.66,60.83,63.86,58.15
53.96,2019,10,USA,56.95,54.81,57.35,54.66,60.83,63.86
57.03,2019,11,USA,53.96,56.95,54.81,57.35,54.66,60.83
59.88,2019,12,USA,57.03,53.96,56.95,54.81,57.35,54.66
57.52,2020,1,USA,59.88,57.03,53.96,56.95,54.81,57.35
50.54,2020,2,USA,57.52,59.88,57.03,53.96,56.95,54.81
29.21,2020,3,USA,50.54,57.52,59.88,57.03,53.96,56.95
16.55,2020,4,USA,29.21,50.54,57.52,59.88,57.03,53.96
28.56,2020,5,USA,16.55,29.21,50.54,57.52,59.88,57.03
38.31,2020,6,USA,28.56,16.55,29.21,50.54,57.52,59.88
40.71,2020,7,USA,38.31,28.56,16.55,29.21,50.54,57.52
42.34,2020,8,USA,40.71,38.31,28.56,16.55,29.21,50.54
39.63,2020,9,USA,42.34,40.71,38.31,28.56,16.55,29.21
39.4,2020,10,USA,39.63,42.34,40.71,38.31,28.56,16.55
40.94,2020,11,USA,39.4,39.63,42.34,40.71,38.31,28.56
47.02,2020,12,USA,40.94,39.4,39.63,42.34,40.71,38.31
52.0,2021,1,USA,47.02,40.94,39.4,39.63,42.34,40.71
59.04,2021,2,USA,52.0,47.02,40.94,39.4,39.63,42.34
62.33,2021,3,USA,59.04,52.0,47.02,40.94,39.4,39.63
61.72,2021,4,USA,62.33,59.04,52.0,47.02,40.94,39.4
65.17,2021,5,USA,61.72,62.33,59.04,52.0,47.02,40.94
71.38,2021,6,USA,65.17,61.72,62.33,59.04,52.0,47.02
72.49,2021,7,USA,71.38,65.17,61.72,62.33,59.04,52.0
67.73,2021,8,USA,72.49,71.38,65.17,61.72,62.33,59.04
71.65,2021,9,USA,67.73,72.49,71.38,65.17,61.72,62.33
81.48,2021,10,USA,71.65,67.73,72.49,71.38,65.17,61.72
79.15,2021,11,USA,81.48,71.65,67.73,72.49,71.38,65.17
71.71,2021,12,USA,79.15,81.48,71.65,67.73,72.49,71.38
83.22,2022,1,USA,71.71,79.15,81.48,71.65,67.73,72.49
91.64,2022,2,USA,83.22,71.71,79.15,81.48,71.65,67.73
108.5,2022,3,USA,91.64,83.22,71.71,79.15,81.48,71.65
101.78,2022,4,USA,108.5,91.64,83.22,71.71,79.15,81.48
109.55,2022,5,USA,101.78,108.5,91.64,83.22,71.71,79.15
114.84,2022,6,USA,109.55,101.78,108.5,91.64,83.22,71.71
101.62,2022,7,USA,114.84,109.55,101.78,108.5,91.64,83.22
93.67,2022,8,USA,101.62,114.84,109.55,101.78,108.5,91.64
84.26,2022,9,USA,93.67,101.62,114.84,109.55,101.78,108.5
113.29,2022,5,EU,116.11,104.625,98.495,90.32,92.55,94.145
106.205,2022,4,EU,113.29,116.11,104.625,98.495,90.32,92.55
118.03,2022,3,EU,106.205,113.29,116.11,104.625,98.495,90.32
96.755,2022,2,EU,118.03,106.205,113.29,116.11,104.625,98.495
84.37,2022,1,EU,96.755,118.03,106.205,113.29,116.11,104.625
72.945,2021,12,EU,84.37,96.755,118.03,106.205,113.29,116.11
77.86,2021,11,EU,72.945,84.37,96.755,118.03,106.205,113.29
82.125,2021,10,EU,77.86,72.945,84.37,96.755,118.03,106.205
75.585,2021,9,EU,82.125,77.86,72.945,84.37,96.755,118.03
69.995,2021,8,EU,75.585,82.125,77.86,72.945,84.37,96.755
72.64,2021,7,EU,69.995,75.585,82.125,77.86,72.945,84.37
72.945,2021,6,EU,72.64,69.995,75.585,82.125,77.86,72.945
67.405,2021,5,EU,72.945,72.64,69.995,75.585,82.125,77.86
65.1,2021,4,EU,67.405,72.945,72.64,69.995,75.585,82.125
65.825,2021,3,EU,65.1,67.405,72.945,72.64,69.995,75.585
61.15,2021,2,EU,65.825,65.1,67.405,72.945,72.64,69.995
53.99,2021,1,EU,61.15,65.825,65.1,67.405,72.945,72.64
49.65,2020,12,EU,53.99,61.15,65.825,65.1,67.405,72.945
42.415,2020,11,EU,49.65,53.99,61.15,65.825,65.1,67.405
40.105,2020,10,EU,42.415,49.65,53.99,61.15,65.825,65.1
42.76,2020,9,EU,40.105,42.415,49.65,53.99,61.15,65.825
44.71,2020,8,EU,42.76,40.105,42.415,49.65,53.99,61.15
42.96,2020,7,EU,44.71,42.76,40.105,42.415,49.65,53.99
40.47,2020,6,EU,42.96,44.71,42.76,40.105,42.415,49.65
31.24,2020,5,EU,40.47,42.96,44.71,42.76,40.105,42.415
26.19,2020,4,EU,31.24,40.47,42.96,44.71,42.76,40.105
37.775,2020,3,EU,26.19,31.24,40.47,42.96,44.71,42.76
55.025,2020,2,EU,37.775,26.19,31.24,40.47,42.96,44.71
64.73,2020,1,EU,55.025,37.775,26.19,31.24,40.47,42.96
64.645,2019,12,EU,64.73,55.025,37.775,26.19,31.24,40.47
62.0,2019,11,EU,64.645,64.73,55.025,37.775,26.19,31.24
59.245,2019,10,EU,62.0,64.645,64.73,55.025,37.775,26.19
64.59,2019,9,EU,59.245,62.0,64.645,64.73,55.025,37.775
60.21,2019,8,EU,64.59,59.245,62.0,64.645,64.73,55.025
64.47,2019,7,EU,60.21,64.59,59.245,62.0,64.645,64.73
63.15,2019,6,EU,64.47,60.21,64.59,59.245,62.0,64.645
68.885,2019,5,EU,63.15,64.47,60.21,64.59,59.245,62.0
71.59,2019,4,EU,68.885,63.15,64.47,60.21,64.59,59.245
66.455,2019,3,EU,71.59,68.885,63.15,64.47,60.21,64.59
64.095,2019,2,EU,66.455,71.59,68.885,63.15,64.47,60.21
57.83,2019,1,EU,64.095,66.455,71.59,68.885,63.15,64.47
56.83,2018,12,EU,57.83,64.095,66.455,71.59,68.885,63.15
66.245,2018,11,EU,56.83,57.83,64.095,66.455,71.59,68.885
80.915,2018,10,EU,66.245,56.83,57.83,64.095,66.455,71.59
79.255,2018,9,EU,80.915,66.245,56.83,57.83,64.095,66.455
74.165,2018,8,EU,79.255,80.915,66.245,56.83,57.83,64.095
75.35,2018,7,EU,74.165,79.255,80.915,66.245,56.83,57.83
76.075,2018,6,EU,75.35,74.165,79.255,80.915,66.245,56.83
76.44,2018,5,EU,76.075,75.35,74.165,79.255,80.915,66.245
71.08,2018,4,EU,76.44,76.075,75.35,74.165,79.255,80.915
67.12,2018,3,EU,71.08,76.44,76.075,75.35,74.165,79.255
65.89,2018,2,EU,67.12,71.08,76.44,76.075,75.35,74.165
68.76,2018,1,EU,65.89,67.12,71.08,76.44,76.075,75.35
64.115,2017,12,EU,68.76,65.89,67.12,71.08,76.44,76.075
62.325,2017,11,EU,64.115,68.76,65.89,67.12,71.08,76.44
58.235,2017,10,EU,62.325,64.115,68.76,65.89,67.12,71.08
55.74,2017,9,EU,58.235,62.325,64.115,68.76,65.89,67.12
51.82,2017,8,EU,55.74,58.235,62.325,64.115,68.76,65.89
49.515,2017,7,EU,51.82,55.74,58.235,62.325,64.115,68.76
47.9,2017,6,EU,49.515,51.82,55.74,58.235,62.325,64.115
50.655,2017,5,EU,47.9,49.515,51.82,55.74,58.235,62.325
53.55,2017,4,EU,50.655,47.9,49.515,51.82,55.74,58.235
53.38,2017,3,EU,53.55,50.655,47.9,49.515,51.82,55.74
55.945,2017,2,EU,53.38,53.55,50.655,47.9,49.515,51.82
55.975,2017,1,EU,55.945,53.38,53.55,50.655,47.9,49.515
54.7,2016,12,EU,55.975,55.945,53.38,53.55,50.655,47.9
47.03,2016,11,EU,54.7,55.975,55.945,53.38,53.55,50.655
50.855,2016,10,EU,47.03,54.7,55.975,55.945,53.38,53.55
47.615,2016,9,EU,50.855,47.03,54.7,55.975,55.945,53.38
46.365,2016,8,EU,47.615,50.855,47.03,54.7,55.975,55.945
46.275,2016,7,EU,46.365,47.615,50.855,47.03,54.7,55.975
49.775,2016,6,EU,46.275,46.365,47.615,50.855,47.03,54.7
46.92,2016,5,EU,49.775,46.275,46.365,47.615,50.855,47.03
42.885,2016,4,EU,46.92,49.775,46.275,46.365,47.615,50.855
39.245,2016,3,EU,42.885,46.92,49.775,46.275,46.365,47.615
33.46,2016,2,EU,39.245,42.885,46.92,49.775,46.275,46.365
33.045,2016,1,EU,33.46,39.245,42.885,46.92,49.775,46.275
40.58,2015,12,EU,33.045,33.46,39.245,42.885,46.92,49.775
47.03,2015,11,EU,40.58,33.045,33.46,39.245,42.885,46.92
50.23,2015,10,EU,47.03,40.58,33.045,33.46,39.245,42.885
49.725,2015,9,EU,50.23,47.03,40.58,33.045,33.46,39.245
48.275,2015,8,EU,49.725,50.23,47.03,40.58,33.045,33.46
57.49,2015,7,EU,48.275,49.725,50.23,47.03,40.58,33.045
63.65,2015,6,EU,57.49,48.275,49.725,50.23,47.03,40.58
65.435,2015,5,EU,63.65,57.49,48.275,49.725,50.23,47.03
60.465,2015,4,EU,65.435,63.65,57.49,48.275,49.725,50.23
57.5,2015,3,EU,60.465,65.435,63.65,57.49,48.275,49.725
57.205,2015,2,EU,57.5,60.465,65.435,63.65,57.49,48.275
51.865,2015,1,EU,57.205,57.5,60.465,65.435,63.65,57.49
64.42,2014,12,EU,51.865,57.205,57.5,60.465,65.435,63.65
78.09,2014,11,EU,64.42,51.865,57.205,57.5,60.465,65.435
89.415,2014,10,EU,78.09,64.42,51.865,57.205,57.5,60.465
98.77,2014,9,EU,89.415,78.09,64.42,51.865,57.205,57.5
103.96,2014,8,EU,98.77,89.415,78.09,64.42,51.865,57.205
108.61,2014,7,EU,103.96,98.77,89.415,78.09,64.42,51.865
111.74,2014,6,EU,108.61,103.96,98.77,89.415,78.09,64.42
108.945,2014,5,EU,111.74,108.61,103.96,98.77,89.415,78.09
107.3,2014,4,EU,108.945,111.74,108.61,103.96,98.77,89.415
108.9,2014,3,EU,107.3,108.945,111.74,108.61,103.96,98.77
108.11,2014,2,EU,108.9,107.3,108.945,111.74,108.61,103.96
108.395,2014,1,EU,108.11,108.9,107.3,108.945,111.74,108.61
110.41,2013,12,EU,108.395,108.11,108.9,107.3,108.945,111.74
107.32,2013,11,EU,110.41,108.395,108.11,108.9,107.3,108.945
109.135,2013,10,EU,107.32,110.41,108.395,108.11,108.9,107.3
111.89,2013,9,EU,109.135,107.32,110.41,108.395,108.11,108.9
111.595,2013,8,EU,111.89,109.135,107.32,110.41,108.395,108.11
105.675,2013,7,EU,111.595,111.89,109.135,107.32,110.41,108.395
103.165,2013,6,EU,105.675,111.595,111.89,109.135,107.32,110.41
102.35,2013,5,EU,103.165,105.675,111.595,111.89,109.135,107.32
104.27,2013,4,EU,102.35,103.165,105.675,111.595,111.89,109.135
109.515,2013,3,EU,104.27,102.35,103.165,105.675,111.595,111.89
115.02,2013,2,EU,109.515,104.27,102.35,103.165,105.675,111.595
112.605,2013,1,EU,115.02,109.515,104.27,102.35,103.165,105.675
109.48,2012,12,EU,112.605,115.02,109.515,104.27,102.35,103.165
108.48,2012,11,EU,109.48,112.605,115.02,109.515,104.27,102.35
111.5,2012,10,EU,108.48,109.48,112.605,115.02,109.515,104.27
112.525,2012,9,EU,111.5,108.48,109.48,112.605,115.02,109.515
110.545,2012,8,EU,112.525,111.5,108.48,109.48,112.605,115.02
101.74,2012,7,EU,110.545,112.525,111.5,108.48,109.48,112.605
95.47,2012,6,EU,101.74,110.545,112.525,111.5,108.48,109.48
110.645,2012,5,EU,95.47,101.74,110.545,112.525,111.5,108.48
121.335,2012,4,EU,110.645,95.47,101.74,110.545,112.525,111.5
124.685,2012,3,EU,121.335,110.645,95.47,101.74,110.545,112.525
118.285,2012,2,EU,124.685,121.335,110.645,95.47,101.74,110.545
111.735,2012,1,EU,118.285,124.685,121.335,110.645,95.47,101.74
106.995,2011,12,EU,111.735,118.285,124.685,121.335,110.645,95.47
111.065,2011,11,EU,106.995,111.735,118.285,124.685,121.335,110.645
106.955,2011,10,EU,111.065,106.995,111.735,118.285,124.685,121.335
109.13,2011,9,EU,106.955,111.065,106.995,111.735,118.285,124.685
109.57,2011,8,EU,109.13,106.955,111.065,106.995,111.735,118.285
114.685,2011,7,EU,109.57,109.13,106.955,111.065,106.995,111.735
111.875,2011,6,EU,114.685,109.57,109.13,106.955,111.065,106.995
115.845,2011,5,EU,111.875,114.685,109.57,109.13,106.955,111.065
121.885,2011,4,EU,115.845,111.875,114.685,109.57,109.13,106.955
112.925,2011,3,EU,121.885,115.845,111.875,114.685,109.57,109.13
108.65,2011,2,EU,112.925,121.885,115.845,111.875,114.685,109.57
97.05,2011,1,EU,108.65,112.925,121.885,115.845,111.875,114.685
90.305,2010,12,EU,97.05,108.65,112.925,121.885,115.845,111.875
86.065,2010,11,EU,90.305,97.05,108.65,112.925,121.885,115.845
83.385,2010,10,EU,86.065,90.305,97.05,108.65,112.925,121.885
78.41,2010,9,EU,83.385,86.065,90.305,97.05,108.65,112.925
77.305,2010,8,EU,78.41,83.385,86.065,90.305,97.05,108.65
74.54,2010,7,EU,77.305,78.41,83.385,86.065,90.305,97.05
75.18,2010,6,EU,74.54,77.305,78.41,83.385,86.065,90.305
78.865,2010,5,EU,75.18,74.54,77.305,78.41,83.385,86.065
84.985,2010,4,EU,78.865,75.18,74.54,77.305,78.41,83.385
79.515,2010,3,EU,84.985,78.865,75.18,74.54,77.305,78.41
73.405,2010,2,EU,79.515,84.985,78.865,75.18,74.54,77.305
76.735,2010,1,EU,73.405,79.515,84.985,78.865,75.18,74.54
75.465,2009,12,EU,76.735,73.405,79.515,84.985,78.865,75.18
76.92,2009,11,EU,75.465,76.735,73.405,79.515,84.985,78.865
73.08,2009,10,EU,76.92,75.465,76.735,73.405,79.515,84.985
68.14,2009,9,EU,73.08,76.92,75.465,76.735,73.405,79.515
72.425,2009,8,EU,68.14,73.08,76.92,75.465,76.735,73.405
65.805,2009,7,EU,72.425,68.14,73.08,76.92,75.465,76.735
69.205,2009,6,EU,65.805,72.425,68.14,73.08,76.92,75.465
57.88,2009,5,EU,69.205,65.805,72.425,68.14,73.08,76.92
50.785,2009,4,EU,57.88,69.205,65.805,72.425,68.14,73.08
47.58,2009,3,EU,50.785,57.88,69.205,65.805,72.425,68.14
43.885,2009,2,EU,47.58,50.785,57.88,69.205,65.805,72.425
46.905,2009,1,EU,43.885,47.58,50.785,57.88,69.205,65.805
44.6,2008,12,EU,46.905,43.885,47.58,50.785,57.88,69.205
57.58,2008,11,EU,44.6,46.905,43.885,47.58,50.785,57.88
79.665,2008,10,EU,57.58,44.6,46.905,43.885,47.58,50.785
102.23,2008,9,EU,79.665,57.58,44.6,46.905,43.885,47.58
119.125,2008,8,EU,102.23,79.665,57.58,44.6,46.905,43.885
134.19,2008,7,EU,119.125,102.23,79.665,57.58,44.6,46.905
132.615,2008,6,EU,134.19,119.125,102.23,79.665,57.58,44.6
121.78,2008,5,EU,132.615,134.19,119.125,102.23,79.665,57.58
108.275,2008,4,EU,121.78,132.615,134.19,119.125,102.23,79.665
102.47,2008,3,EU,108.275,121.78,132.615,134.19,119.125,102.23
94.05,2008,2,EU,102.47,108.275,121.78,132.615,134.19,119.125
91.75,2008,1,EU,94.05,102.47,108.275,121.78,132.615,134.19
91.215,2007,12,EU,91.75,94.05,102.47,108.275,121.78,132.615
92.1,2007,11,EU,91.215,91.75,94.05,102.47,108.275,121.78
83.41,2007,10,EU,92.1,91.215,91.75,94.05,102.47,108.275
76.87,2007,9,EU,83.41,92.1,91.215,91.75,94.05,102.47
72.65,2007,8,EU,76.87,83.41,92.1,91.215,91.75,94.05
74.66,2007,7,EU,72.65,76.87,83.41,92.1,91.215,91.75
69.93,2007,6,EU,74.66,72.65,76.87,83.41,92.1,91.215
67.8,2007,5,EU,69.93,74.66,72.65,76.87,83.41,92.1
67.175,2007,4,EU,67.8,69.93,74.66,72.65,76.87,83.41
64.465,2007,3,EU,67.175,67.8,69.93,74.66,72.65,76.87
59.14,2007,2,EU,64.465,67.175,67.8,69.93,74.66,72.65
56.195,2007,1,EU,59.14,64.465,67.175,67.8,69.93,74.66
62.48,2006,12,EU,56.195,59.14,64.465,67.175,67.8,69.93
61.26,2006,11,EU,62.48,56.195,59.14,64.465,67.175,67.8
60.105,2006,10,EU,61.26,62.48,56.195,59.14,64.465,67.175
64.99,2006,9,EU,60.105,61.26,62.48,56.195,59.14,64.465
73.73,2006,8,EU,64.99,60.105,61.26,62.48,56.195,59.14
75.145,2006,7,EU,73.73,64.99,60.105,61.26,62.48,56.195
70.01,2006,6,EU,75.145,73.73,64.99,60.105,61.26,62.48
71.3,2006,5,EU,70.01,75.145,73.73,64.99,60.105,61.26
70.26,2006,4,EU,71.3,70.01,75.145,73.73,64.99,60.105
63.155,2006,3,EU,70.26,71.3,70.01,75.145,73.73,64.99
62.585,2006,2,EU,63.155,70.26,71.3,70.01,75.145,73.73
63.2,2006,1,EU,62.585,63.155,70.26,71.3,70.01,75.145
57.515,2005,12,EU,63.2,62.585,63.155,70.26,71.3,70.01
57.2,2005,11,EU,57.515,63.2,62.585,63.155,70.26,71.3
60.505,2005,10,EU,57.2,57.515,63.2,62.585,63.155,70.26
64.44,2005,9,EU,60.505,57.2,57.515,63.2,62.585,63.155
64.13,2005,8,EU,64.44,60.505,57.2,57.515,63.2,62.585
57.975,2005,7,EU,64.13,64.44,60.505,57.2,57.515,63.2
55.22,2005,6,EU,57.975,64.13,64.44,60.505,57.2,57.515
49.95,2005,5,EU,55.22,57.975,64.13,64.44,60.505,57.2
54.0,2005,4,EU,49.95,55.22,57.975,64.13,64.44,60.505
52.6,2005,3,EU,54.0,49.95,55.22,57.975,64.13,64.44
46.4,2005,2,EU,52.6,54.0,49.95,55.22,57.975,64.13
43.08,2005,1,EU,46.4,52.6,54.0,49.95,55.22,57.975
41.215,2004,12,EU,43.08,46.4,52.6,54.0,49.95,55.22
44.825,2004,11,EU,41.215,43.08,46.4,52.6,54.0,49.95
48.875,2004,10,EU,44.825,41.215,43.08,46.4,52.6,54.0
43.25,2004,9,EU,48.875,44.825,41.215,43.08,46.4,52.6
42.175,2004,8,EU,43.25,48.875,44.825,41.215,43.08,46.4
37.115,2004,7,EU,42.175,43.25,48.875,44.825,41.215,43.08
36.1,2004,6,EU,37.115,42.175,43.25,48.875,44.825,41.215
36.925,2004,5,EU,36.1,37.115,42.175,43.25,48.875,44.825
32.475,2004,4,EU,36.925,36.1,37.115,42.175,43.25,48.875
32.485,2004,3,EU,32.475,36.925,36.1,37.115,42.175,43.25
30.395,2004,2,EU,32.485,32.475,36.925,36.1,37.115,42.175
30.465,2004,1,EU,30.395,32.485,32.475,36.925,36.1,37.115
29.455,2003,12,EU,30.465,30.395,32.485,32.475,36.925,36.1
28.745,2003,11,EU,29.455,30.465,30.395,32.485,32.475,36.925
29.125,2003,10,EU,28.745,29.455,30.465,30.395,32.485,32.475
27.3,2003,9,EU,29.125,28.745,29.455,30.465,30.395,32.485
29.305,2003,8,EU,27.3,29.125,28.745,29.455,30.465,30.395
28.405,2003,7,EU,29.305,27.3,29.125,28.745,29.455,30.465
27.16,2003,6,EU,28.405,29.305,27.3,29.125,28.745,29.455
25.175,2003,5,EU,27.16,28.405,29.305,27.3,29.125,28.745
25.305,2003,4,EU,25.175,27.16,28.405,29.305,27.3,29.125
29.275,2003,3,EU,25.305,25.175,27.16,28.405,29.305,27.3
32.02,2003,2,EU,29.275,25.305,25.175,27.16,28.405,29.305
29.825,2003,1,EU,32.02,29.275,25.305,25.175,27.16,28.405
28.07,2002,12,EU,29.825,32.02,29.275,25.305,25.175,27.16
24.305,2002,11,EU,28.07,29.825,32.02,29.275,25.305,25.175
27.22,2002,10,EU,24.305,28.07,29.825,32.02,29.275,25.305
28.165,2002,9,EU,27.22,24.305,28.07,29.825,32.02,29.275
26.285,2002,8,EU,28.165,27.22,24.305,28.07,29.825,32.02
25.655,2002,7,EU,26.285,28.165,27.22,24.305,28.07,29.825
24.535,2002,6,EU,25.655,26.285,28.165,27.22,24.305,28.07
25.64,2002,5,EU,24.535,25.655,26.285,28.165,27.22,24.305
25.98,2002,4,EU,25.64,24.535,25.655,26.285,28.165,27.22
23.575,2002,3,EU,25.98,25.64,24.535,25.655,26.285,28.165
20.255,2002,2,EU,23.575,25.98,25.64,24.535,25.655,26.285
20.315,2002,1,EU,20.255,23.575,25.98,25.64,24.535,25.655
19.3,2001,12,EU,20.315,20.255,23.575,25.98,25.64,24.535
19.14,2001,11,EU,19.3,20.315,20.255,23.575,25.98,25.64
21.65,2001,10,EU,19.14,19.3,20.315,20.255,23.575,25.98
25.875,2001,9,EU,21.65,19.14,19.3,20.315,20.255,23.575
25.645,2001,8,EU,25.875,21.65,19.14,19.3,20.315,20.255
25.435,2001,7,EU,25.645,25.875,21.65,19.14,19.3,20.315
27.455,2001,6,EU,25.435,25.645,25.875,21.65,19.14,19.3
28.345,2001,5,EU,27.455,25.435,25.645,25.875,21.65,19.14
26.29,2001,4,EU,28.345,27.455,25.435,25.645,25.875,21.65
25.5,2001,3,EU,26.29,28.345,27.455,25.435,25.645,25.875
27.93,2001,2,EU,25.5,26.29,28.345,27.455,25.435,25.645
25.8,2001,1,EU,27.93,25.5,26.29,28.345,27.455,25.435
27.61,2000,12,EU,25.8,27.93,25.5,26.29,28.345,27.455
32.16,2000,11,EU,27.61,25.8,27.93,25.5,26.29,28.345
32.36,2000,10,EU,32.16,27.61,25.8,27.93,25.5,26.29
32.115,2000,9,EU,32.36,32.16,27.61,25.8,27.93,25.5
29.765,2000,8,EU,32.115,32.36,32.16,27.61,25.8,27.93
28.95,2000,7,EU,29.765,32.115,32.36,32.16,27.61,25.8
29.64,2000,6,EU,28.95,29.765,32.115,32.36,32.16,27.61
26.785,2000,5,EU,29.64,28.95,29.765,32.115,32.36,32.16
23.26,2000,4,EU,26.785,29.64,28.95,29.765,32.115,32.36
28.1,2000,3,EU,23.26,26.785,29.64,28.95,29.765,32.115
27.255,2000,2,EU,28.1,23.26,26.785,29.64,28.95,29.765
25.075,2000,1,EU,27.255,28.1,23.26,26.785,29.64,28.95
24.675,1999,12,EU,25.075,27.255,28.1,23.26,26.785,29.64
23.82,1999,11,EU,24.675,25.075,27.255,28.1,23.26,26.785
22.025,1999,10,EU,23.82,24.675,25.075,27.255,28.1,23.26
22.52,1999,9,EU,22.025,23.82,24.675,25.075,27.255,28.1
20.31,1999,8,EU,22.52,22.025,23.82,24.675,25.075,27.255
18.685,1999,7,EU,20.31,22.52,22.025,23.82,24.675,25.075
16.025,1999,6,EU,18.685,20.31,22.52,22.025,23.82,24.675
16.0,1999,5,EU,16.025,18.685,20.31,22.52,22.025,23.82
15.34,1999,4,EU,16.0,16.025,18.685,20.31,22.52,22.025
12.955,1999,3,EU,15.34,16.0,16.025,18.685,20.31,22.52
10.675,1999,2,EU,12.955,15.34,16.0,16.025,18.685,20.31
11.375,1999,1,EU,10.675,12.955,15.34,16.0,16.025,18.685
10.425,1998,12,EU,11.375,10.675,12.955,15.34,16.0,16.025
11.765,1998,11,EU,10.425,11.375,10.675,12.955,15.34,16.0
13.56,1998,10,EU,11.765,10.425,11.375,10.675,12.955,15.34
13.545,1998,9,EU,13.56,11.765,10.425,11.375,10.675,12.955
12.305,1998,8,EU,13.545,13.56,11.765,10.425,11.375,10.675
12.975,1998,7,EU,12.305,13.545,13.56,11.765,10.425,11.375
13.455,1998,6,EU,12.975,12.305,13.545,13.56,11.765,10.425
14.47,1998,5,EU,13.455,12.975,12.305,13.545,13.56,11.765
14.135,1998,4,EU,14.47,13.455,12.975,12.305,13.545,13.56
13.86,1998,3,EU,14.135,14.47,13.455,12.975,12.305,13.545
14.84,1998,2,EU,13.86,14.135,14.47,13.455,12.975,12.305
15.75,1998,1,EU,14.84,13.86,14.135,14.47,13.455,12.975
17.49,1997,12,EU,15.75,14.84,13.86,14.135,14.47,13.455
19.405,1997,11,EU,17.49,15.75,14.84,13.86,14.135,14.47
20.525,1997,10,EU,19.405,17.49,15.75,14.84,13.86,14.135
19.14,1997,9,EU,20.525,19.405,17.49,15.75,14.84,13.86
18.87,1997,8,EU,19.14,20.525,19.405,17.49,15.75,14.84
18.445,1997,7,EU,18.87,19.14,20.525,19.405,17.49,15.75
18.47,1997,6,EU,18.445,18.87,19.14,20.525,19.405,17.49
19.235,1997,5,EU,18.47,18.445,18.87,19.14,20.525,19.405
18.405,1997,4,EU,19.235,18.47,18.445,18.87,19.14,20.525
19.76,1997,3,EU,18.405,19.235,18.47,18.445,18.87,19.14
20.785,1997,2,EU,19.76,18.405,19.235,18.47,18.445,18.87
23.455,1997,1,EU,20.785,19.76,18.405,19.235,18.47,18.445
23.325,1996,12,EU,23.455,20.785,19.76,18.405,19.235,18.47
23.05,1996,11,EU,23.325,23.455,20.785,19.76,18.405,19.235
23.84,1996,10,EU,23.05,23.325,23.455,20.785,19.76,18.405
22.92,1996,9,EU,23.84,23.05,23.325,23.455,20.785,19.76
19.895,1996,8,EU,22.92,23.84,23.05,23.325,23.455,20.785
19.61,1996,7,EU,19.895,22.92,23.84,23.05,23.325,23.455
18.36,1996,6,EU,19.61,19.895,22.92,23.84,23.05,23.325
18.23,1996,5,EU,18.36,19.61,19.895,22.92,23.84,23.05
20.69,1996,4,EU,18.23,18.36,19.61,19.895,22.92,23.84
18.75,1996,3,EU,20.69,18.23,18.36,19.61,19.895,22.92
17.44,1996,2,EU,18.75,20.69,18.23,18.36,19.61,19.895
17.62,1996,1,EU,17.44,18.75,20.69,18.23,18.36,19.61
17.795,1995,12,EU,17.62,17.44,18.75,20.69,18.23,18.36
16.7,1995,11,EU,17.795,17.62,17.44,18.75,20.69,18.23
16.0,1995,10,EU,16.7,17.795,17.62,17.44,18.75,20.69
16.435,1995,9,EU,16.0,16.7,17.795,17.62,17.44,18.75
16.135,1995,8,EU,16.435,16.0,16.7,17.795,17.62,17.44
15.905,1995,7,EU,16.135,16.435,16.0,16.7,17.795,17.62
17.215,1995,6,EU,15.905,16.135,16.435,16.0,16.7,17.795
18.345,1995,5,EU,17.215,15.905,16.135,16.435,16.0,16.7
18.225,1995,4,EU,18.345,17.215,15.905,16.135,16.435,16.0
16.98,1995,3,EU,18.225,18.345,17.215,15.905,16.135,16.435
17.075,1995,2,EU,16.98,18.225,18.345,17.215,15.905,16.135
16.565,1995,1,EU,17.075,16.98,18.225,18.345,17.215,15.905
16.38,1994,12,EU,16.565,17.075,16.98,18.225,18.345,17.215
17.14,1994,11,EU,16.38,16.565,17.075,16.98,18.225,18.345
16.47,1994,10,EU,17.14,16.38,16.565,17.075,16.98,18.225
16.275,1994,9,EU,16.47,17.14,16.38,16.565,17.075,16.98
17.505,1994,8,EU,16.275,16.47,17.14,16.38,16.565,17.075
17.845,1994,7,EU,17.505,16.275,16.47,17.14,16.38,16.565
16.74,1994,6,EU,17.845,17.505,16.275,16.47,17.14,16.38
16.12,1994,5,EU,16.74,17.845,17.505,16.275,16.47,17.14
14.82,1994,4,EU,16.12,16.74,17.845,17.505,16.275,16.47
13.555,1994,3,EU,14.82,16.12,16.74,17.845,17.505,16.275
14.015,1994,2,EU,13.555,14.82,16.12,16.74,17.845,17.505
13.89,1994,1,EU,14.015,13.555,14.82,16.12,16.74,17.845
13.91,1993,12,EU,13.89,14.015,13.555,14.82,16.12,16.74
15.19,1993,11,EU,13.91,13.89,14.015,13.555,14.82,16.12
16.64,1993,10,EU,15.19,13.91,13.89,14.015,13.555,14.82
16.52,1993,9,EU,16.64,15.19,13.91,13.89,14.015,13.555
16.9,1993,8,EU,16.52,16.64,15.19,13.91,13.89,14.015
16.705,1993,7,EU,16.9,16.52,16.64,15.19,13.91,13.89
18.045,1993,6,EU,16.705,16.9,16.52,16.64,15.19,13.91
18.7,1993,5,EU,18.045,16.705,16.9,16.52,16.64,15.19
18.96,1993,4,EU,18.7,18.045,16.705,16.9,16.52,16.64
18.965,1993,3,EU,18.96,18.7,18.045,16.705,16.9,16.52
18.41,1993,2,EU,18.965,18.96,18.7,18.045,16.705,16.9
17.755,1993,1,EU,18.41,18.965,18.96,18.7,18.045,16.705
18.29,1992,12,EU,17.755,18.41,18.965,18.96,18.7,18.045
19.215,1992,11,EU,18.29,17.755,18.41,18.965,18.96,18.7
